Sample	Haplotype1	Haplotype2	H1_class	H2_class	Diplotype	Phenotype	Population
KNK100	*5;*11;*12	*5;*11;*12	slow	slow	*5/*5	Slow Acetylator	KNK
KNK102	*4	*5;*23;*11;*12	rapid	slow	*4/*5	Intermediate Acetylator	KNK
KNK103	*5;*11;*12	*5;*11;*12	slow	slow	*5/*5	Slow Acetylator	KNK
KNK86	*5;*11;*12	*6;*13;*4	slow	slow	*5/*6	Slow Acetylator	KNK
KNK90	*5;*11;*12	*5;*11;*12	slow	slow	*5/*5	Slow Acetylator	KNK
KNK91	*12	*5;*11;*12	rapid	slow	*12/*5	Intermediate Acetylator	KNK
KNK92	*6;*13;*4	*5;*11;*12	slow	slow	*6/*5	Slow Acetylator	KNK
KNK95	*5;*11;*12	*5;*11;*12	slow	slow	*5/*5	Slow Acetylator	KNK
KNK96	*5;*11;*12	*4	slow	rapid	*5/*4	Intermediate Acetylator	KNK
KNK97	*12	*5;*11;*12	rapid	slow	*12/*5	Intermediate Acetylator	KNK
KNK98	*5;*11;*12	*6;*13;*4	slow	slow	*5/*6	Slow Acetylator	KNK
KNL14	*24;*12	*12	rapid	rapid	*24/*12	Rapid Acetylator	KNL
KNL2	*6;*13;*4	*6;*13;*4	slow	slow	*6/*6	Slow Acetylator	KNL
KNL42	*4	*5;*11;*12	rapid	slow	*4/*5	Intermediate Acetylator	KNL
KNL54	*12	*6;*13;*4	rapid	slow	*12/*6	Intermediate Acetylator	KNL
KNL59	*5;*23;*11;*12	*5;*12	slow	slow	*5/*5	Slow Acetylator	KNL
KNL72	*12	*5;*11;*12	rapid	slow	*12/*5	Intermediate Acetylator	KNL
KNL77	*4	*5;*11;*12	rapid	slow	*4/*5	Intermediate Acetylator	KNL
KNL79	*6;*13;*4	*24;*12	slow	rapid	*6/*24	Intermediate Acetylator	KNL
KNL87	*5;*11;*12	*5;*23;*11;*12	slow	slow	*5/*5	Slow Acetylator	KNL
KNM49	*12	*5;*11;*12	rapid	slow	*12/*5	Intermediate Acetylator	KNM
KNM64	*6;*13;*4	*5;*11;*12	slow	slow	*6/*5	Slow Acetylator	KNM
KNM84	*5;*11;*12	*5;*11;*12	slow	slow	*5/*5	Slow Acetylator	KNM
KNP160	*5;*11;*12	*6;*13;*4	slow	slow	*5/*6	Slow Acetylator	KNP
KNP194	*5;*11;*12	*6;*13;*4	slow	slow	*5/*6	Slow Acetylator	KNP
KNP56	*5;*11;*12	*6;*13;*4	slow	slow	*5/*6	Slow Acetylator	KNP
KNP64	*14;*4	*12	slow	rapid	*14/*12	Intermediate Acetylator	KNP
NGH27	*13;*4	*5;*11;*12	rapid	slow	*13/*5	Intermediate Acetylator	NGH
NGH50	*6;*13;*4	*6;*13;*4	slow	slow	*6/*6	Slow Acetylator	NGH
NGI16	*5;*12	*6;*13;*4	slow	slow	*5/*6	Slow Acetylator	NGI
NGI25	*6;*13;*4	*7;*13;*4	slow	slow	*6/*7	Slow Acetylator	NGI
NGI31	*14;*13;*4	*4	slow	rapid	*14/*4	Intermediate Acetylator	NGI
NGI38	*5;*11;*12	*5;*12	slow	slow	*5/*5	Slow Acetylator	NGI
NGI60	*5;*11;*12	*6;*13;*4	slow	slow	*5/*6	Slow Acetylator	NGI
NGY21	*4	*12	rapid	rapid	*4/*12	Rapid Acetylator	NGY
NGY22	*13;*12	*5;*11;*12	rapid	slow	*13/*5	Intermediate Acetylator	NGY
NGY27	*13;*4	*6;*13;*4	rapid	slow	*13/*6	Intermediate Acetylator	NGY
NGY28	*7;*13;*4	*13;*4	slow	rapid	*7/*13	Intermediate Acetylator	NGY
NGY30	*5;*11;*12	*5;*12	slow	slow	*5/*5	Slow Acetylator	NGY
NGY37	*13;*4	*5;*12	rapid	slow	*13/*5	Intermediate Acetylator	NGY
NGY3	*7;*13;*4	*5;*11;*12	slow	slow	*7/*5	Slow Acetylator	NGY
NGY40	*13;*4	*6;*13;*4	rapid	slow	*13/*6	Intermediate Acetylator	NGY
NGY42	*12	*12	rapid	rapid	*12/*12	Rapid Acetylator	NGY
NGY44	*5;*12	*6;*13;*4	slow	slow	*5/*6	Slow Acetylator	NGY
NGY45	*14;*13;*4	*5;*12	slow	slow	*14/*5	Slow Acetylator	NGY
NGY47	*4	*6;*13;*4	rapid	slow	*4/*6	Intermediate Acetylator	NGY
SAV09	*5;*11;*4	*5;*12	slow	slow	*5/*5	Slow Acetylator	SAV
SAV10	*5;*12	*14;*13;*4	slow	slow	*5/*14	Slow Acetylator	SAV
SAV16	*4	*12	rapid	rapid	*4/*12	Rapid Acetylator	SAV
SAV17	*12	*4	rapid	rapid	*12/*4	Rapid Acetylator	SAV
SAV18	*6;*13;*4	*14;*13;*4	slow	slow	*6/*14	Slow Acetylator	SAV
SAV20	*6;*13;*4	*6;*24;*4	slow	slow	*6/*6	Slow Acetylator	SAV
SAV23	*5;*11;*12	*13;*12	slow	rapid	*5/*13	Intermediate Acetylator	SAV
SAV24	*12	*12	rapid	rapid	*12/*12	Rapid Acetylator	SAV
SAV26	*6;*13;*4	*12	slow	rapid	*6/*12	Intermediate Acetylator	SAV
SAV31	*5;*11;*12	*4	slow	rapid	*5/*4	Intermediate Acetylator	SAV
SAV32	*6;*13;*4	*6;*13;*4	slow	slow	*6/*6	Slow Acetylator	SAV
SAV37	*5;*11;*12	*14;*4	slow	slow	*5/*14	Slow Acetylator	SAV
SAV38	*6;*13;*4	*5;*11;*12	slow	slow	*6/*5	Slow Acetylator	SAV
SAV3	*6;*13;*4	*5;*11;*12	slow	slow	*6/*5	Slow Acetylator	SAV
SAV45	*7;*13;*4	*6;*13;*4	slow	slow	*7/*6	Slow Acetylator	SAV
SAV49	*6;*12	*5;*11;*12	slow	slow	*6/*5	Slow Acetylator	SAV
SAV56	*12	*5;*11;*12	rapid	slow	*12/*5	Intermediate Acetylator	SAV
SAV61	*5;*11;*12	*4	slow	rapid	*5/*4	Intermediate Acetylator	SAV
SAV81	*5;*11;*12	*12	slow	rapid	*5/*12	Intermediate Acetylator	SAV
TZA105	*6;*13;*4	*5;*11;*12	slow	slow	*6/*5	Slow Acetylator	TZA
TZA107	*14;*13;*4	*14;*13;*4	slow	slow	*14/*14	Slow Acetylator	TZA
TZA112	*5;*11;*12	*5;*11;*12	slow	slow	*5/*5	Slow Acetylator	TZA
TZA113	*5;*12	*5;*11;*12	slow	slow	*5/*5	Slow Acetylator	TZA
TZA115	*5;*6;*13;*4	*12	slow	rapid	*5/*12	Intermediate Acetylator	TZA
TZA117	*24;*12	*5;*11;*12	rapid	slow	*24/*5	Intermediate Acetylator	TZA
TZA123	*5;*11;*12	*5;*11;*12	slow	slow	*5/*5	Slow Acetylator	TZA
TZA138	*6;*24;*4	*6;*24;*4	slow	slow	*6/*6	Slow Acetylator	TZA
TZA141	*5;*11;*12	*22;*12	slow	rapid	*5/*22	Intermediate Acetylator	TZA
TZA151	*6;*13;*4	*6;*13;*4	slow	slow	*6/*6	Slow Acetylator	TZA
TZA6	*13;*4	*6;*13;*4	rapid	slow	*13/*6	Intermediate Acetylator	TZA
TZB03	*6;*13;*4	*6;*13;*4	slow	slow	*6/*6	Slow Acetylator	TZB
TZB05	*12	*5;*11;*12	rapid	slow	*12/*5	Intermediate Acetylator	TZB
TZB19	*13;*4	*14;*13;*4	rapid	slow	*13/*14	Intermediate Acetylator	TZB
TZB22	*12	*4	rapid	rapid	*12/*4	Rapid Acetylator	TZB
TZB24	*6;*13;*4	*4	slow	rapid	*6/*4	Intermediate Acetylator	TZB
TZB25	*6;*13;*4	*6;*24;*4	slow	slow	*6/*6	Slow Acetylator	TZB
TZB46	*13;*12	*5;*6;*11;*4	rapid	slow	*13/*5	Intermediate Acetylator	TZB
TZB50	*12	*5;*11;*12	rapid	slow	*12/*5	Intermediate Acetylator	TZB
TZB57	*24;*12	*5;*12	rapid	slow	*24/*5	Intermediate Acetylator	TZB
TZB61	*5;*12	*5;*11;*12	slow	slow	*5/*5	Slow Acetylator	TZB
ZWD10	*12	*4	rapid	rapid	*12/*4	Rapid Acetylator	ZWD
ZWD13	*4	*5;*11;*12	rapid	slow	*4/*5	Intermediate Acetylator	ZWD
ZWD16	*5;*11;*12	*14;*4	slow	slow	*5/*14	Slow Acetylator	ZWD
ZWD23	*6;*13;*4	*5;*11;*12	slow	slow	*6/*5	Slow Acetylator	ZWD
ZWD24	*14;*13;*4	*12	slow	rapid	*14/*12	Intermediate Acetylator	ZWD
ZWD30	*5;*11;*12	*14;*13;*4	slow	slow	*5/*14	Slow Acetylator	ZWD
ZWD32	*12	*6;*13;*4	rapid	slow	*12/*6	Intermediate Acetylator	ZWD
ZWD33	*4	*12	rapid	rapid	*4/*12	Rapid Acetylator	ZWD
ZWD35	*5;*12	*4	slow	rapid	*5/*4	Intermediate Acetylator	ZWD
ZWD37	*5;*12	*12	slow	rapid	*5/*12	Intermediate Acetylator	ZWD
ZWD3	*14;*4	*12	slow	rapid	*14/*12	Intermediate Acetylator	ZWD
ZWD40	*12	*14;*13;*4	rapid	slow	*12/*14	Intermediate Acetylator	ZWD
ZWD47	*12	*5;*12	rapid	slow	*12/*5	Intermediate Acetylator	ZWD
ZWD4	*14;*13;*4	*12	slow	rapid	*14/*12	Intermediate Acetylator	ZWD
ZWD52	*5;*11;*12	*4	slow	rapid	*5/*4	Intermediate Acetylator	ZWD
ZWD53	*6;*13;*4	*4	slow	rapid	*6/*4	Intermediate Acetylator	ZWD
ZWD54	*4	*5;*12	rapid	slow	*4/*5	Intermediate Acetylator	ZWD
ZWD57	*12	*14;*13;*4	rapid	slow	*12/*14	Intermediate Acetylator	ZWD
ZWD58	*5;*11;*12	*5;*12	slow	slow	*5/*5	Slow Acetylator	ZWD
ZWD62	*4	*12	rapid	rapid	*4/*12	Rapid Acetylator	ZWD
ZWD8	*14;*13;*4	*12	slow	rapid	*14/*12	Intermediate Acetylator	ZWD
ZWS10	*6;*13;*4	*5;*12	slow	slow	*6/*5	Slow Acetylator	ZWS
ZWS11	*6;*13;*4	*5;*11;*12	slow	slow	*6/*5	Slow Acetylator	ZWS
ZWS19	*5;*11;*12	*6;*13;*4	slow	slow	*5/*6	Slow Acetylator	ZWS
ZWS1	*5;*11;*12	*5;*11;*12	slow	slow	*5/*5	Slow Acetylator	ZWS
ZWS20	*24;*12	*6;*4	rapid	slow	*24/*6	Intermediate Acetylator	ZWS
ZWS21	*5;*11;*12	*5;*11;*12	slow	slow	*5/*5	Slow Acetylator	ZWS
ZWS23	*5;*11;*12	*6;*13;*4	slow	slow	*5/*6	Slow Acetylator	ZWS
ZWS28	*6;*13;*4	*5;*12	slow	slow	*6/*5	Slow Acetylator	ZWS
ZWS29	*5;*11;*12	*6;*24;*4	slow	slow	*5/*6	Slow Acetylator	ZWS
ZWS30	*5;*11;*12	*4	slow	rapid	*5/*4	Intermediate Acetylator	ZWS
ZWS32	*13;*4	*14;*13;*4	rapid	slow	*13/*14	Intermediate Acetylator	ZWS
ZWS33	*4	*7;*13;*4	rapid	slow	*4/*7	Intermediate Acetylator	ZWS
ZWS34	*6;*13;*4	*5;*12	slow	slow	*6/*5	Slow Acetylator	ZWS
ZWS35	*6;*13;*4	*14;*13;*4	slow	slow	*6/*14	Slow Acetylator	ZWS
ZWS37	*5;*12	*5;*11;*12	slow	slow	*5/*5	Slow Acetylator	ZWS
ZWS39	*5;*11;*12	*5;*11;*12	slow	slow	*5/*5	Slow Acetylator	ZWS
ZWS40	*5;*11;*12	*4	slow	rapid	*5/*4	Intermediate Acetylator	ZWS
ZWS4	*6;*4	*24;*4	slow	rapid	*6/*24	Intermediate Acetylator	ZWS
ZWS5	*14;*13;*4	*6;*24;*4	slow	slow	*14/*6	Slow Acetylator	ZWS
ZWS6	*5;*11;*12	*6;*13;*4	slow	slow	*5/*6	Slow Acetylator	ZWS
