variant_id	gene	effect	af	cadd	am_class	consensus_score	carrier_pops	n_pops	vrs_id
chr10_133556790_A_C	SYCE1	missense_variant	0.00393701	23.9	likely_benign	5	SAV	1	ga4gh:VA.xf7fG4PDDRUa-NYVt7tsqLHD3pQMEpSP
chr10_93076656_C_T	CYP26A1	missense_variant	0.00393701	25.6	ambiguous	4	ZWD	1	ga4gh:VA.VDEl2v69dmIDFV_rBkDyoOEpmNIQe1us
chr10_94762799_G_T	CYP2C19	missense_variant	0.00393701	22.3	likely_pathogenic	6	ZWD	1	ga4gh:VA.ph7EHmVfiXBF770isdGQ8m7wrKiIiwU0
chr11_17387349_C_A	KCNJ11	missense_variant	0.00393701	23.2	ambiguous	6	ZWD	1	ga4gh:VA.o5iKqq4rDa-mZ7diE-W6ervXGmTYzBi4
chr12_20613556_A_T	PDE3A	missense_variant	0.00393701	24.2	likely_pathogenic	6	TZA	1	ga4gh:VA.68Zxml_8Xy4j4_UdCgbftOtiobdsikb5
chr14_22774452_T_A	SLC7A7	missense_variant	0.00393701	28.7	likely_pathogenic	7	ZWS	1	ga4gh:VA.LVkl8JDZtBNBEiELz9_2et2jT0X5_Kri
chr14_22775870_A_C	SLC7A7	missense_variant	0.00393701	24.8	ambiguous	6	SAV	1	ga4gh:VA.r7FOxpHy2TGhc0-UVvC7Mf_e1XGm1WHp
chr14_22842496_C_T	MMP14	structural_interaction_variant	0.00393701	28.6	likely_pathogenic	6	NGI	1	ga4gh:VA.KnkyYFT_ARFAaWUyHFXXeXDs0sL4f6fe
chr14_23359841_C_T	EFS	missense_variant	0.00393701	20.8	likely_benign	3	TZB	1	ga4gh:VA.S8Kv04Qej2JCHy0Z3_NpFmDGUNdWr2_6
chr14_24300163_C_T	NOP9	missense_variant	0.00393701	21.4	likely_benign	3	ZWD	1	ga4gh:VA.2_ISNuueAVBy1TD20M6Dzcb5OaEpjyfA
chr15_45269430_G_T	SLC28A2	missense_variant	0.00393701	24.0	likely_pathogenic	6	TZA	1	ga4gh:VA.lKrbMD1oMKVJRQEuQIH8y2UrOHJlSC39
chr15_84868315_A_C	ALPK3	missense_variant	0.00393701	23.9	likely_pathogenic	5	KNP	1	ga4gh:VA.3LjoSOcbH06eseBwrZXvYdk4TR7p_YR7
chr16_48121726_C_T	ABCC12	missense_variant	0.00393701	14.84	likely_benign	3	ZWD	1	ga4gh:VA.arjNoYAMSWVkdK2xV_Y9OtGIw_Kb7ab_
chr17_28906199_G_C	PHF12	missense_variant	0.00393701	26.9	ambiguous	4	NGH	1	ga4gh:VA.zwO-fVdvg-uoMJaK7skFU_Jjx_wkYWgZ
chr17_28913198_G_C	PHF12	missense_variant	0.00787402	27.8	likely_benign	4	SAV	1	ga4gh:VA.89B3hkjQgqkaeO4l3DN8JfpQ7PLDheUy
chr19_15647308_G_T	CYP4F3	missense_variant	0.00393701	21.3	ambiguous	4	ZWS	1	ga4gh:VA.k1RMIvHNKhTy3fLkIYf60E6G7XVM0j4_
chr19_15683624_G_T	CYP4F12	missense_variant	0.00393701	24.1	ambiguous	5	TZB	1	ga4gh:VA.kLcWhQpj5Lt9bk-erGV8X53KmPu_A6Bv
chr19_41004095_T_A	CYP2B6	missense_variant	0.00393701	25.9	likely_pathogenic	6	SAV	1	ga4gh:VA.nukQBctmlmDu6H7EAbmQwEhhkHD54rXo
chr1_114725314_C_G	CSDE1	missense_variant	0.00393701	27.6	likely_pathogenic	5	ZWD	1	ga4gh:VA.loFd5KsV5_l0BW7w94dtfU4MN5KvM0g6
chr1_225828886_G_A	EPHX1	missense_variant	0.00393701	28.0	ambiguous	5	TZA	1	ga4gh:VA.miLKd7rzA1qYgg1wZJMIIIM6zcsFVU4k
chr1_225859219_T_A	TMEM63A	missense_variant	0.00393701	25.1	ambiguous	5	TZA	1	ga4gh:VA.PO8SHuJaFOD4hjQmjwbswMpQMhxHrn02
chr22_43840000_T_C	SULT4A1	structural_interaction_variant	0.00393701	28.2	likely_benign	4	ZWD	1	ga4gh:VA.X-DOCK1f_2d9a_FnSx3rb7i7j4m8__ls
chr22_46262537_G_C	PKDREJ	missense_variant	0.00393701	7.760	likely_pathogenic	3	SAV	1	ga4gh:VA.AwBUr9vWlMJDuCM9L_dt7nGMp9Pz5VWw
chr2_203246784_G_A	CYP20A1	missense_variant	0.00393701	22.5	likely_benign	3	KNK	1	ga4gh:VA.aTGNLF6NhYWdXLW13VlFgQeeRDhKcLU4
chr2_219225516_T_C	ATG9A	missense_variant	0.00393701	27.7	ambiguous	5	TZA	1	ga4gh:VA.pDx6DHPr5tPekTvOAkZkjM-YnSCSd8by
chr2_219235732_A_G	ANKZF1	missense_variant	0.00393701	24.2	likely_benign	3	SAV	1	ga4gh:VA.r37oimmMnddpPrxkg_3x3NJtgQwMOXk6
chr3_12417107_A_G	PPARG	structural_interaction_variant	0.00393701	28.5	likely_pathogenic	7	SAV	1	ga4gh:VA.u2vQju9tI5_uJkhZujpO2AIghSvJiDDG
chr3_49335534_T_C	USP4	missense_variant	0.00393701	25.6	likely_pathogenic	6	TZB	1	ga4gh:VA.8ZHnokzBTAR9jPHyBmIC6T7GI7qU_IV8
chr4_99316046_T_C	ADH1B	missense_variant	0.00787402	22.0	likely_pathogenic	6	ZWD	1	ga4gh:VA.QMHDZW4YQoEf4pvFIvnUpTmPnSkyLxbl
chr6_134918770_C_T	ALDH8A1	missense_variant	0.00393701	26.4	likely_pathogenic	7	KNL	1	ga4gh:VA.2j4gRaoqwEU1CPZpPBFktjQ7dfIiff1j
chr6_18121615_C_T	NHLRC1	missense_variant	0.00393701	26.5	likely_pathogenic	7	KNK	1	ga4gh:VA.0HgyaWyn2yv54vqayb3UNE8WHQfm91rE
chr6_43306075_C_T	CRIP3	missense_variant	0.011811	27.8	likely_pathogenic	7	ZWD	1	ga4gh:VA.eLnzHJUeOQVhvPtgj10D6yx0HVGGGZM6
chr6_43433267_G_T	ABCC10	missense_variant	0.00393701	24.5	likely_benign	3	TZA	1	ga4gh:VA.DYDk69aP1ONjUDxLfPuB1OtmsgdfTFkb
chr6_52752856_T_C	GSTA2	missense_variant&splice_region_variant	0.011811	24.3	likely_benign	4	ZWD	1	ga4gh:VA.OlY0K_jK0s4579ha-U2gZEeiaWdcM93A
chr6_52837593_A_T	GSTA5	missense_variant	0.00393701	20.3	ambiguous	3	ZWS	1	ga4gh:VA.aef8Q8XVl1w2IxWCQdbrgPWiVB2dKbLY
chr7_123181074_C_T	SLC13A1	missense_variant	0.00393701	21.1	likely_benign	4	SAV	1	ga4gh:VA.cyA5_lJ27PPbZioBMZ3gG2gBk92fEbN5
chr7_92163505_A_C	LRRD1	missense_variant	0.00393701	23.3	likely_pathogenic	6	NGY	1	ga4gh:VA.8iVCyiI88ZlHdtcrL02WjZYFRoKUlWOU
chr8_69603205_G_T	SULF1	missense_variant	0.00393701	32	likely_pathogenic	7	SAV	1	ga4gh:VA.ghI8YE5XcoWsHVS4lYl0olZp-eFgtAQA
chr9_84278285_A_G	SLC28A3	missense_variant	0.00393701	23.4	ambiguous	4	NGY	1	ga4gh:VA.a4Op8K5lalLxMA3xqtx_BBfnkQyQUz9c
