CHROM	POS	REF	ALT	GENE	EFFECT	AIBST_AF	KNL	KNK	KNM	KNP	NGI	NGH	NGY	TZA	TZB	SAV	ZWD	ZWS	CARRIER_POPS	N_POPS
chr10	102815987	A	T	WBP1L	3_prime_UTR_variant	0.00787402	0.0	0.0	0.0	0.0	0.0	0.0	0.0	0.0	0.0	0.0	0.047619	0.0	ZWD	1
chr10	102832745	G	C	CYP17A1	upstream_gene_variant	0.00787402	0.0	0.0	0.0	0.0	0.0	0.0	0.0	0.0	0.0	0.0	0.047619	0.0	ZWD	1
chr10	104277239	G	A	GSTO2	intron_variant	0.00787402	0.0	0.0	0.0	0.0	0.0	0.0	0.0	0.0	0.0	0.0	0.047619	0.0	ZWD	1
chr10	104315669	C	A	ITPRIP	missense_variant	0.00393701	0.0	0.0	0.0	0.0	0.0	0.0	0.0	0.0	0.0	0.0	0.0238095	0.0	ZWD	1
chr10	133555023	C	T	SYCE1	missense_variant	0.00393701	0.0	0.0	0.166667	0.0	0.0	0.0	0.0	0.0	0.0	0.0	0.0	0.0	KNM	1
chr10	133556790	A	C	SYCE1	missense_variant	0.00393701	0.0	0.0	0.0	0.0	0.0	0.0	0.0	0.0	0.0	0.0263158	0.0	0.0	SAV	1
chr10	72013034	G	T	CHST3	3_prime_UTR_variant	0.00393701	0.0	0.0	0.0	0.0	0.0	0.0	0.0	0.0	0.0	0.0	0.0238095	0.0	ZWD	1
chr10	80246064	T	C	RP11-36D19.9	upstream_gene_variant	0.00393701	0.0	0.0	0.0	0.0	0.0	0.0	0.0	0.0	0.0	0.0	0.0238095	0.0	ZWD	1
chr10	80280511	A	C	MAT1A	intron_variant	0.00393701	0.0	0.0	0.0	0.0	0.0	0.0	0.0416667	0.0	0.0	0.0	0.0	0.0	NGY	1
chr10	80285548	G	GCA	.	.	.	.	.	.	.	.	.	.	.	.	.	.	.	.	0
chr10	93076656	C	T	CYP26A1	missense_variant	0.00393701	0.0	0.0	0.0	0.0	0.0	0.0	0.0	0.0	0.0	0.0	0.0238095	0.0	ZWD	1
chr10	94687948	T	TCGTGTGTATGTGTA	.	.	.	.	.	.	.	.	.	.	.	.	.	.	.	.	0
chr10	94762799	G	T	CYP2C19	missense_variant	0.00393701	0.0	0.0	0.0	0.0	0.0	0.0	0.0	0.0	0.0	0.0	0.0238095	0.0	ZWD	1
chr10	99802932	G	C	ABCC2	downstream_gene_variant	0.00393701	0.0555556	0.0	0.0	0.0	0.0	0.0	0.0	0.0	0.0	0.0	0.0	0.0	KNL	1
chr10	99848941	C	T	ABCC2	sequence_feature	0.00793651	0.0	0.0	0.0	0.0	0.0	0.0	0.0	0.0	0.0	0.0	0.047619	0.0	ZWD	1
chr10	99852326	T	A	ABCC2	downstream_gene_variant	0.00403226	0.0	0.0	0.0	0.0	0.0	0.0	0.0	0.0	0.0	0.0	0.0277778	0.0	ZWD	1
chr10	99882906	AAAT	A	.	.	.	.	.	.	.	.	.	.	.	.	.	.	.	.	0
chr11	113394630	A	G	ANKK1	intron_variant	0.00393701	0.0	0.0	0.0	0.0	0.0	0.0	0.0	0.0	0.0	0.0	0.0238095	0.0	ZWD	1
chr11	113412202	C	T	DRD2	downstream_gene_variant	0.008	0.0	0.0	0.0	0.0	0.0	0.0	0.0	0.0	0.0	0.0	0.05	0.0	ZWD	1
chr11	17387349	C	A	KCNJ11	missense_variant	0.00393701	0.0	0.0	0.0	0.0	0.0	0.0	0.0	0.0	0.0	0.0	0.0238095	0.0	ZWD	1
chr11	17494045	C	T	USH1C	3_prime_UTR_variant	0.00393701	0.0	0.0	0.0	0.0	0.0	0.0	0.0	0.0454545	0.0	0.0	0.0	0.0	TZA	1
chr11	34480489	C	G	ELF5	downstream_gene_variant	0.00393701	0.0	0.0	0.0	0.0	0.0	0.0	0.0	0.0454545	0.0	0.0	0.0	0.0	TZA	1
chr11	62993094	G	C	SLC22A8	3_prime_UTR_variant	0.00393701	0.0	0.0	0.0	0.125	0.0	0.0	0.0	0.0	0.0	0.0	0.0	0.0	KNP	1
chr11	63369643	AC	A	.	.	.	.	.	.	.	.	.	.	.	.	.	.	.	.	0
chr11	63406554	C	A	SLC22A9	missense_variant	0.00393701	0.0555556	0.0	0.0	0.0	0.0	0.0	0.0	0.0	0.0	0.0	0.0	0.0	KNL	1
chr11	66336503	C	G	RIN1	5_prime_UTR_premature_start_codon_gain_variant	0.00393701	0.0	0.0	0.0	0.0	0.0	0.0	0.0	0.0	0.0	0.0	0.0	0.025	ZWS	1
chr11	67613603	C	T	0.0	TF_binding_site_variant	0.00393701	0.0	0.0	0.0	0.0	0.0	0.0	0.0	0.0	0.0	0.0263158	0.0	0.0	SAV	1
chr11	67639741	C	T	TBX10	upstream_gene_variant	0.00787402	0.0	0.0	0.0	0.0	0.0	0.0	0.0	0.0	0.0	0.0	0.047619	0.0	ZWD	1
chr11	75203450	G	C	SLCO2B1	downstream_gene_variant	0.011811	0.0	0.0	0.0	0.0	0.0	0.0	0.0	0.0	0.0	0.0	0.0714286	0.0	ZWD	1
chr12	104601737	C	T	CHST11	intron_variant	0.00393701	0.0	0.0	0.0	0.0	0.0	0.0	0.0	0.0	0.05	0.0	0.0	0.0	TZB	1
chr12	104760295	G	T	CHST11	3_prime_UTR_variant	0.00393701	0.0	0.0454545	0.0	0.0	0.0	0.0	0.0	0.0	0.0	0.0	0.0	0.0	KNK	1
chr12	111748855	TC	T	.	.	.	.	.	.	.	.	.	.	.	.	.	.	.	.	0
chr12	111748961	A	T	ACAD10	upstream_gene_variant	0.00393701	0.0555556	0.0	0.0	0.0	0.0	0.0	0.0	0.0	0.0	0.0	0.0	0.0	KNL	1
chr12	117207816	C	T	NOS1	downstream_gene_variant	0.00787402	0.0	0.0909091	0.0	0.0	0.0	0.0	0.0	0.0	0.0	0.0	0.0	0.0	KNK	1
chr12	117214339	G	A	NOS1	3_prime_UTR_variant	0.00787402	0.0	0.0909091	0.0	0.0	0.0	0.0	0.0	0.0	0.0	0.0	0.0	0.0	KNK	1
chr12	117214725	T	A	NOS1	3_prime_UTR_variant	0.00393701	0.0	0.0454545	0.0	0.0	0.0	0.0	0.0	0.0	0.0	0.0	0.0	0.0	KNK	1
chr12	117243260	G	C	TCEB1P32	downstream_gene_variant	0.004	0.0	0.0	0.0	0.0	0.0	0.0	0.0	0.0	0.0	0.0	0.0	0.025	ZWS	1
chr12	117311675	T	C	NOS1	intron_variant	0.011811	0.0	0.0	0.0	0.0	0.0	0.0	0.0	0.0	0.0	0.0	0.0714286	0.0	ZWD	1
chr12	16548289	TACAC	T	.	.	.	.	.	.	.	.	.	.	.	.	.	.	.	.	0
chr12	16549169	T	A	LMO3	3_prime_UTR_variant	0.00787402	0.0	0.0	0.0	0.0	0.0	0.0	0.0	0.0	0.0	0.0	0.047619	0.0	ZWD	1
chr12	20613211	T	C	PDE3A	intron_variant	0.00393701	0.0	0.0	0.0	0.0	0.0	0.0	0.0	0.0454545	0.0	0.0	0.0	0.0	TZA	1
chr12	20613556	A	T	PDE3A	missense_variant	0.00393701	0.0	0.0	0.0	0.0	0.0	0.0	0.0	0.0454545	0.0	0.0	0.0	0.0	TZA	1
chr12	20633480	C	T	PDE3A	intron_variant	0.00393701	0.0	0.0	0.0	0.0	0.0	0.0	0.0	0.0	0.0	0.0	0.0	0.025	ZWS	1
chr12	20683969	G	A	PDE3A	3_prime_UTR_variant	0.00393701	0.0	0.0	0.0	0.0	0.1	0.0	0.0	0.0	0.0	0.0	0.0	0.0	NGI	1
chr12	20723330	A	G	SLCO1C1	intron_variant	0.00393701	0.0	0.0	0.0	0.0	0.0	0.0	0.0	0.0	0.0	0.0	0.0	0.025	ZWS	1
chr12	20875471	G	A	SLCO1B3	missense_variant	0.00396825	0.0	0.0	0.0	0.0	0.0	0.0	0.0416667	0.0	0.0	0.0	0.0	0.0	NGY	1
chr12	20916298	A	G	SLCO1B3	3_prime_UTR_variant	0.00393701	0.0	0.0	0.0	0.0	0.0	0.0	0.0	0.0454545	0.0	0.0	0.0	0.0	TZA	1
chr12	21334891	A	G	SLCO1A2	5_prime_UTR_variant	0.00393701	0.0	0.0	0.0	0.0	0.0	0.0	0.0416667	0.0	0.0	0.0	0.0	0.0	NGY	1
chr12	21373732	AG	A	.	.	.	.	.	.	.	.	.	.	.	.	.	.	.	.	0
chr12	21799531	A	G	ABCC9	3_prime_UTR_variant	0.00393701	0.0	0.0	0.0	0.0	0.0	0.0	0.0416667	0.0	0.0	0.0	0.0	0.0	NGY	1
chr12	21801107	A	G	ABCC9	synonymous_variant	0.00393701	0.0	0.0	0.0	0.125	0.0	0.0	0.0	0.0	0.0	0.0	0.0	0.0	KNP	1
chr12	21805525	A	G	ABCC9	intron_variant	0.00396825	0.0	0.0	0.0	0.0	0.0	0.0	0.0	0.0	0.0	0.0263158	0.0	0.0	SAV	1
chr12	21805597	CAT	C	.	.	.	.	.	.	.	.	.	.	.	.	.	.	.	.	0
chr12	21805898	T	A	ABCC9	intron_variant	0.00393701	0.0	0.0	0.0	0.0	0.0	0.0	0.0	0.0	0.0	0.0	0.0	0.025	ZWS	1
chr12	21859294	C	T	RP11-729I10.2	intron_variant	0.00393701	0.0	0.0454545	0.0	0.0	0.0	0.0	0.0	0.0	0.0	0.0	0.0	0.0	KNK	1
chr12	25207216	T	C	KRAS	3_prime_UTR_variant	0.00393701	0.0	0.0	0.0	0.0	0.0	0.0	0.0	0.0	0.0	0.0	0.0238095	0.0	ZWD	1
chr12	25215783	T	G	RP11-295I5.3	downstream_gene_variant	0.00393701	0.0	0.0	0.0	0.0	0.0	0.0	0.0	0.0	0.0	0.0	0.0	0.025	ZWS	1
chr12	47843257	G	A	VDR	3_prime_UTR_variant	0.00393701	0.0	0.0	0.0	0.0	0.0	0.0	0.0	0.0	0.0	0.0	0.0238095	0.0	ZWD	1
chr12	57764868	G	T	CYP27B1	synonymous_variant	0.00393701	0.0	0.0	0.0	0.0	0.0	0.0	0.0416667	0.0	0.0	0.0	0.0	0.0	NGY	1
chr12	57772049	TCTG	T	.	.	.	.	.	.	.	.	.	.	.	.	.	.	.	.	0
chr13	51816854	A	G	RP11-327P2.7	missense_variant	0.00393701	0.0	0.0	0.0	0.0	0.0	0.0	0.0	0.0	0.0	0.0	0.0238095	0.0	ZWD	1
chr13	51968623	C	T	ATP7B	upstream_gene_variant	0.00793651	0.0	0.0	0.0	0.0	0.0	0.0	0.0	0.0	0.0	0.0	0.05	0.0	ZWD	1
chr13	51974827	G	A	ATP7B	synonymous_variant	0.00393701	0.0	0.0	0.0	0.0	0.0	0.0	0.0	0.0	0.0	0.0	0.0238095	0.0	ZWD	1
chr13	95021776	GA	G	.	.	.	.	.	.	.	.	.	.	.	.	.	.	.	.	0
chr13	95267457	G	T	ABCC4	intron_variant	0.00787402	0.0	0.0	0.0	0.0	0.0	0.0	0.0	0.0	0.0	0.0	0.047619	0.0	ZWD	1
chr13	98715787	A	T	SLC15A1	downstream_gene_variant	0.00393701	0.0	0.0	0.0	0.0	0.0	0.0	0.0416667	0.0	0.0	0.0	0.0	0.0	NGY	1
chr13	98724250	T	C	SLC15A1	intron_variant	0.00393701	0.0	0.0	0.0	0.0	0.0	0.0	0.0	0.0	0.0	0.0263158	0.0	0.0	SAV	1
chr14	22766328	G	C	OXA1L	upstream_gene_variant	0.00393701	0.0	0.0	0.0	0.0	0.0	0.0	0.0416667	0.0	0.0	0.0	0.0	0.0	NGY	1
chr14	22766658	G	C	OXA1L	missense_variant	0.00393701	0.0	0.0	0.0	0.0	0.0	0.0	0.0	0.0	0.0	0.0	0.0238095	0.0	ZWD	1
chr14	22774452	T	A	SLC7A7	missense_variant	0.00393701	0.0	0.0	0.0	0.0	0.0	0.0	0.0	0.0	0.0	0.0	0.0	0.025	ZWS	1
chr14	22775870	A	C	SLC7A7	missense_variant	0.00393701	0.0	0.0	0.0	0.0	0.0	0.0	0.0	0.0	0.0	0.0263158	0.0	0.0	SAV	1
chr14	22842496	C	T	MMP14	structural_interaction_variant	0.00393701	0.0	0.0	0.0	0.0	0.1	0.0	0.0	0.0	0.0	0.0	0.0	0.0	NGI	1
chr14	22845535	C	A	MMP14	downstream_gene_variant	0.00393701	0.0	0.0	0.0	0.0	0.0	0.0	0.0	0.0454545	0.0	0.0	0.0	0.0	TZA	1
chr14	23102194	C	T	RP11-244E17.1	missense_variant	0.00787402	0.0	0.0	0.0	0.0	0.0	0.0	0.0	0.0	0.0	0.0	0.047619	0.0	ZWD	1
chr14	23104798	T	A	RP11-244E17.1	missense_variant	0.00393701	0.0	0.0	0.0	0.0	0.0	0.0	0.0	0.0	0.0	0.0263158	0.0	0.0	SAV	1
chr14	23183157	A	G	SLC7A8	5_prime_UTR_variant	0.00396825	0.0555556	0.0	0.0	0.0	0.0	0.0	0.0	0.0	0.0	0.0	0.0	0.0	KNL	1
chr14	23183812	A	C	SLC7A8	upstream_gene_variant	0.00787402	0.0	0.0	0.0	0.0	0.0	0.0	0.0	0.0	0.0	0.0	0.0238095	0.025	ZWD;ZWS	2
chr14	23322995	A	T	PABPN1	splice_region_variant&intron_variant	0.00393701	0.0	0.0	0.0	0.0	0.0	0.0	0.0	0.0	0.0	0.0263158	0.0	0.0	SAV	1
chr14	23359841	C	T	EFS	missense_variant	0.00393701	0.0	0.0	0.0	0.0	0.0	0.0	0.0	0.0	0.05	0.0	0.0	0.0	TZB	1
chr14	23372984	A	G	IL25	5_prime_UTR_variant	0.00393701	0.0	0.0	0.0	0.0	0.0	0.0	0.0416667	0.0	0.0	0.0	0.0	0.0	NGY	1
chr14	24300163	C	T	NOP9	missense_variant	0.00393701	0.0	0.0	0.0	0.0	0.0	0.0	0.0	0.0	0.0	0.0	0.0238095	0.0	ZWD	1
chr14	24303525	AAG	A	.	.	.	.	.	.	.	.	.	.	.	.	.	.	.	.	0
chr14	24305359	C	G	NOP9	3_prime_UTR_variant	0.00393701	0.0	0.0	0.0	0.0	0.0	0.0	0.0	0.0	0.05	0.0	0.0	0.0	TZB	1
chr14	24306253	C	G	NOP9	3_prime_UTR_variant	0.00787402	0.0	0.0	0.0	0.0	0.0	0.0	0.0	0.0	0.0	0.0	0.047619	0.0	ZWD	1
chr14	24311273	G	A	LTB4R2	synonymous_variant	0.00393701	0.0	0.0	0.0	0.0	0.0	0.0	0.0	0.0454545	0.0	0.0	0.0	0.0	TZA	1
chr14	24315826	A	AACCTGGCCCTGGCCG	.	.	.	.	.	.	.	.	.	.	.	.	.	.	.	.	0
chr14	60114517	G	A	PCNX4	upstream_gene_variant	0.00396825	0.0	0.0	0.0	0.0	0.0	0.0	0.0	0.0	0.0	0.0263158	0.0	0.0	SAV	1
chr14	60149587	T	A	DHRS7	downstream_gene_variant	0.00396825	0.0	0.0	0.0	0.0	0.0	0.0	0.0	0.0	0.0	0.0263158	0.0	0.0	SAV	1
chr14	64914595	C	G	RPPH1-2P	upstream_gene_variant	0.00393701	0.0	0.0454545	0.0	0.0	0.0	0.0	0.0	0.0	0.0	0.0	0.0	0.0	KNK	1
chr14	69771934	A	G	SRSF5	3_prime_UTR_variant	0.00793651	0.0	0.0	0.0	0.0	0.0	0.0	0.0	0.0	0.0	0.0	0.047619	0.0	ZWD	1
chr14	74057044	G	C	ALDH6A1	3_prime_UTR_variant	0.00393701	0.0555556	0.0	0.0	0.0	0.0	0.0	0.0	0.0	0.0	0.0	0.0	0.0	KNL	1
chr14	74064533	A	C	ALDH6A1	intron_variant	0.00793651	0.0	0.0909091	0.0	0.0	0.0	0.0	0.0	0.0	0.0	0.0	0.0	0.0	KNK	1
chr14	74098022	C	G	LIN52	downstream_gene_variant	0.00787402	0.0	0.0	0.0	0.0	0.0	0.0	0.0	0.0	0.0	0.0	0.047619	0.0	ZWD	1
chr14	77298893	G	C	POMT2	upstream_gene_variant	0.00396825	0.0	0.0	0.0	0.0	0.0	0.0	0.0	0.0	0.0	0.0	0.0	0.025	ZWS	1
chr14	77308239	T	C	POMT2	upstream_gene_variant	0.00393701	0.0	0.0	0.0	0.0	0.0	0.0	0.0	0.0	0.05	0.0	0.0	0.0	TZB	1
chr14	77330801	T	TG	.	.	.	.	.	.	.	.	.	.	.	.	.	.	.	.	0
chr14	77334971	G	C	TMED8	downstream_gene_variant	0.011811	0.0	0.0	0.0	0.0	0.0	0.0	0.0	0.0	0.0	0.0789474	0.0	0.0	SAV	1
chr14	77335896	AG	A	.	.	.	.	.	.	.	.	.	.	.	.	.	.	.	.	0
chr14	99669150	A	G	HHIPL1	3_prime_UTR_variant	0.00393701	0.0	0.0	0.0	0.0	0.0	0.0	0.0416667	0.0	0.0	0.0	0.0	0.0	NGY	1
chr14	99676361	C	A	HHIPL1	3_prime_UTR_variant	0.00393701	0.0	0.0	0.0	0.0	0.0	0.0	0.0	0.0	0.0	0.0	0.0238095	0.0	ZWD	1
chr14	99680110	C	T	HHIPL1	3_prime_UTR_variant	0.00393701	0.0	0.0454545	0.0	0.0	0.0	0.0	0.0	0.0	0.0	0.0	0.0	0.0	KNK	1
chr14	99700108	GTGGCCGGAGGCTCCGTGGCTCCTGCC	G	.	.	.	.	.	.	.	.	.	.	.	.	.	.	.	.	0
chr15	100897843	TCA	T	.	.	.	.	.	.	.	.	.	.	.	.	.	.	.	.	0
chr15	100908670	A	G	RP11-66B24.4	downstream_gene_variant	0.00813008	0.0	0.0	0.0	0.0	0.0	0.0	0.0	0.0	0.0	0.0263158	0.025	0.0	SAV;ZWD	2
chr15	45269430	G	T	SLC28A2	missense_variant	0.00393701	0.0	0.0	0.0	0.0	0.0	0.0	0.0	0.0454545	0.0	0.0	0.0	0.0	TZA	1
chr15	45272450	T	C	SLC28A2	downstream_gene_variant	0.00393701	0.0555556	0.0	0.0	0.0	0.0	0.0	0.0	0.0	0.0	0.0	0.0	0.0	KNL	1
chr15	45275288	T	C	SLC28A2	intron_variant	0.019685	0.0	0.0	0.0	0.0	0.0	0.0	0.0	0.0	0.0	0.0	0.119048	0.0	ZWD	1
chr15	51209582	T	G	CYP19A1	3_prime_UTR_variant	0.00393701	0.0	0.0	0.0	0.0	0.0	0.0	0.0	0.0	0.0	0.0	0.0238095	0.0	ZWD	1
chr15	51210170	C	G	CYP19A1	3_prime_UTR_variant	0.00393701	0.0	0.0	0.0	0.0	0.0	0.0	0.0	0.0	0.0	0.0	0.0	0.025	ZWS	1
chr15	51215695	G	T	CYP19A1	splice_region_variant&intron_variant	0.00393701	0.0	0.0	0.0	0.0	0.0	0.0	0.0	0.0	0.0	0.0263158	0.0	0.0	SAV	1
chr15	58065663	G	C	ALDH1A2	5_prime_UTR_variant	0.00393701	0.0	0.0	0.0	0.125	0.0	0.0	0.0	0.0	0.0	0.0	0.0	0.0	KNP	1
chr15	58278873	G	A	ALDH1A2	intron_variant	0.008	0.0	0.0	0.0	0.25	0.0	0.0	0.0	0.0	0.0	0.0	0.0	0.0	KNP	1
chr15	74335520	T	C	CCDC33	3_prime_UTR_variant	0.00393701	0.0	0.0	0.0	0.0	0.0	0.0	0.0	0.0	0.0	0.0	0.0238095	0.0	ZWD	1
chr15	74749630	G	C	CYP1A2	intron_variant	0.00393701	0.0	0.0	0.0	0.125	0.0	0.0	0.0	0.0	0.0	0.0	0.0	0.0	KNP	1
chr15	74750281	A	G	CYP1A2	synonymous_variant	0.00393701	0.0	0.0	0.0	0.0	0.0	0.0	0.0	0.0	0.0	0.0263158	0.0	0.0	SAV	1
chr15	84859058	G	A	ALPK3	upstream_gene_variant	0.00393701	0.0	0.0	0.0	0.0	0.0	0.0	0.0	0.0	0.05	0.0	0.0	0.0	TZB	1
chr15	84868315	A	C	ALPK3	missense_variant	0.00393701	0.0	0.0	0.0	0.125	0.0	0.0	0.0	0.0	0.0	0.0	0.0	0.0	KNP	1
chr15	84895432	C	T	SLC28A1	synonymous_variant	0.004	0.0	0.0	0.0	0.0	0.0	0.0	0.0	0.0	0.0	0.0	0.0238095	0.0	ZWD	1
chr15	84921088	T	C	SLC28A1	intron_variant	0.00393701	0.0555556	0.0	0.0	0.0	0.0	0.0	0.0	0.0	0.0	0.0	0.0	0.0	KNL	1
chr15	92150873	A	G	SLCO3A1	sequence_feature	0.00393701	0.0	0.0	0.0	0.0	0.0	0.0	0.0	0.0	0.0	0.0	0.0238095	0.0	ZWD	1
chr15	92163700	C	T	SLCO3A1	3_prime_UTR_variant	0.00393701	0.0	0.0	0.0	0.0	0.0	0.0	0.0	0.0	0.0	0.0	0.0238095	0.0	ZWD	1
chr15	92165453	A	G	SLCO3A1	3_prime_UTR_variant	0.00393701	0.0	0.0454545	0.0	0.0	0.0	0.0	0.0	0.0	0.0	0.0	0.0	0.0	KNK	1
chr16	1770770	C	G	NME3	splice_region_variant&intron_variant	0.00393701	0.0	0.0	0.0	0.0	0.0	0.0	0.0	0.0454545	0.0	0.0	0.0	0.0	TZA	1
chr16	28609977	CTGAT	C	.	.	.	.	.	.	.	.	.	.	.	.	.	.	.	.	0
chr16	30183056	G	A	CORO1A	synonymous_variant	0.00393701	0.0	0.0454545	0.0	0.0	0.0	0.0	0.0	0.0	0.0	0.0	0.0	0.0	KNK	1
chr16	31078491	C	T	ZNF646	synonymous_variant	0.00393701	0.0555556	0.0	0.0	0.0	0.0	0.0	0.0	0.0	0.0	0.0	0.0	0.0	KNL	1
chr16	31083558	C	G	ZNF646	3_prime_UTR_variant	0.00393701	0.0	0.0454545	0.0	0.0	0.0	0.0	0.0	0.0	0.0	0.0	0.0	0.0	KNK	1
chr16	48121726	C	T	ABCC12	missense_variant	0.00393701	0.0	0.0	0.0	0.0	0.0	0.0	0.0	0.0	0.0	0.0	0.0238095	0.0	ZWD	1
chr16	48170506	C	T	RP11-3M1.1	upstream_gene_variant	0.00393701	0.0	0.0	0.0	0.0	0.0	0.0	0.0416667	0.0	0.0	0.0	0.0	0.0	NGY	1
chr16	48198077	G	A	ABCC11	intron_variant	0.00393701	0.0	0.0454545	0.0	0.0	0.0	0.0	0.0	0.0	0.0	0.0	0.0	0.0	KNK	1
chr16	48231959	AG	A	.	.	.	.	.	.	.	.	.	.	.	.	.	.	.	.	0
chr16	48252095	A	G	ABCC11	upstream_gene_variant	0.00393701	0.0	0.0	0.0	0.0	0.0	0.0	0.0	0.0454545	0.0	0.0	0.0	0.0	TZA	1
chr16	66934302	C	T	FAM96B	synonymous_variant	0.00393701	0.0	0.0	0.166667	0.0	0.0	0.0	0.0	0.0	0.0	0.0	0.0	0.0	KNM	1
chr16	71538097	C	T	CHST4	3_prime_UTR_variant	0.00393701	0.0	0.0	0.166667	0.0	0.0	0.0	0.0	0.0	0.0	0.0	0.0	0.0	KNM	1
chr16	75443891	C	A	TMEM170A	3_prime_UTR_variant	0.00787402	0.0	0.0	0.0	0.0	0.0	0.0	0.0	0.0	0.0	0.0	0.047619	0.0	ZWD	1
chr16	75445481	G	A	TMEM170A	3_prime_UTR_variant	0.00396825	0.0555556	0.0	0.0	0.0	0.0	0.0	0.0	0.0	0.0	0.0	0.0	0.0	KNL	1
chr16	75478432	C	T	CHST6	3_prime_UTR_variant	0.00393701	0.0	0.0	0.0	0.0	0.0	0.0	0.0	0.0	0.0	0.0	0.0	0.025	ZWS	1
chr16	75528346	A	G	RP11-77K12.7	downstream_gene_variant	0.00393701	0.0	0.0	0.0	0.0	0.0	0.0	0.0416667	0.0	0.0	0.0	0.0	0.0	NGY	1
chr16	87831274	T	A	SLC7A5	3_prime_UTR_variant	0.00393701	0.0	0.0	0.0	0.0	0.0	0.0	0.0416667	0.0	0.0	0.0	0.0	0.0	NGY	1
chr16	87838391	A	C	SLC7A5	upstream_gene_variant	0.004	0.0	0.0	0.0	0.0	0.0	0.0	0.0	0.0	0.0	0.0	0.0263158	0.0	ZWD	1
chr16	87841030	C	T	SLC7A5	upstream_gene_variant	0.00393701	0.0	0.0	0.0	0.0	0.0	0.0	0.0416667	0.0	0.0	0.0	0.0	0.0	NGY	1
chr16	89649559	G	A	CHMP1A	upstream_gene_variant	0.00393701	0.0	0.0	0.0	0.0	0.0	0.0	0.0	0.0454545	0.0	0.0	0.0	0.0	TZA	1
chr17	19748116	G	C	ALDH3A1	5_prime_UTR_premature_start_codon_gain_variant	0.00393701	0.0	0.0	0.0	0.0	0.0	0.0	0.0	0.0	0.0	0.0	0.0	0.025	ZWS	1
chr17	28491478	G	T	SLC13A2	missense_variant	0.00787402	0.0	0.0	0.0	0.125	0.0	0.0	0.0	0.0	0.0	0.0263158	0.0	0.0	KNP;SAV	2
chr17	28495657	A	T	SLC13A2	splice_region_variant&synonymous_variant	0.00396825	0.0	0.0	0.0	0.0	0.0	0.0	0.0	0.0454545	0.0	0.0	0.0	0.0	TZA	1
chr17	28882088	C	A	FLOT2	downstream_gene_variant	0.00393701	0.0	0.0	0.0	0.0	0.0	0.0	0.0	0.0	0.0	0.0	0.0	0.025	ZWS	1
chr17	28898952	C	G	FLOT2	upstream_gene_variant	0.00396825	0.0	0.0	0.0	0.0	0.0	0.0	0.0416667	0.0	0.0	0.0	0.0	0.0	NGY	1
chr17	28906199	G	C	PHF12	missense_variant	0.00393701	0.0	0.0	0.0	0.0	0.0	0.25	0.0	0.0	0.0	0.0	0.0	0.0	NGH	1
chr17	28913198	G	C	PHF12	missense_variant	0.00787402	0.0	0.0	0.0	0.0	0.0	0.0	0.0	0.0	0.0	0.0526316	0.0	0.0	SAV	1
chr17	43094914	AATAC	A	.	.	.	.	.	.	.	.	.	.	.	.	.	.	.	.	0
chr17	43197822	C	T	NBR1	downstream_gene_variant	0.004	0.0	0.0	0.0	0.0	0.0	0.0	0.0	0.0	0.0	0.0	0.0	0.025	ZWS	1
chr17	50636144	A	G	CTB-22K21.2	upstream_gene_variant	0.00393701	0.0555556	0.0	0.0	0.0	0.0	0.0	0.0	0.0	0.0	0.0	0.0	0.0	KNL	1
chr17	50677703	G	A	ABCC3	upstream_gene_variant	0.00393701	0.0	0.0	0.0	0.0	0.0	0.0	0.0	0.0	0.0	0.0	0.0238095	0.0	ZWD	1
chr17	50693798	G	T	ANKRD40	3_prime_UTR_variant	0.00787402	0.0	0.0	0.0	0.0	0.0	0.0	0.0	0.0	0.0	0.0	0.047619	0.0	ZWD	1
chr17	58306056	T	C	TSPOAP1	upstream_gene_variant	0.00396825	0.0	0.0	0.0	0.0	0.0	0.0	0.0	0.0454545	0.0	0.0	0.0	0.0	TZA	1
chr17	7309440	C	G	GPS2	downstream_gene_variant	0.00787402	0.0	0.0	0.0	0.0	0.0	0.0	0.0	0.0	0.0	0.0	0.047619	0.0	ZWD	1
chr17	7317954	G	T	GPS2	upstream_gene_variant	0.00393701	0.0	0.0	0.0	0.0	0.0	0.0	0.0	0.0	0.0	0.0	0.0	0.025	ZWS	1
chr17	9771722	G	A	DHRS7C	intron_variant	0.00396825	0.0	0.0	0.166667	0.0	0.0	0.0	0.0	0.0	0.0	0.0	0.0	0.0	KNM	1
chr17	9821731	G	A	GLP2R	upstream_gene_variant	0.00393701	0.0	0.0	0.0	0.0	0.0	0.0	0.0	0.0	0.0	0.0	0.0	0.025	ZWS	1
chr18	26917448	G	T	CHST9	intron_variant	0.00393701	0.0	0.0	0.0	0.0	0.0	0.0	0.0	0.0	0.0	0.0	0.0	0.025	ZWS	1
chr18	27142864	A	T	CHST9	5_prime_UTR_variant	0.00393701	0.0	0.0	0.0	0.0	0.0	0.0	0.0	0.0	0.0	0.0	0.0238095	0.0	ZWD	1
chr18	624822	A	G	CLUL1	upstream_gene_variant	0.00393701	0.0	0.0	0.0	0.0	0.0	0.0	0.0	0.0454545	0.0	0.0	0.0	0.0	TZA	1
chr18	675825	G	AAA	.	.	.	.	.	.	.	.	.	.	.	.	.	.	.	.	0
chr19	1080310	C	T	ARHGAP45	missense_variant	0.00393701	0.0	0.0	0.0	0.0	0.0	0.0	0.0	0.0	0.0	0.0	0.0238095	0.0	ZWD	1
chr19	15612087	T	A	CYP4F8	upstream_gene_variant	0.00393701	0.0	0.0	0.0	0.0	0.0	0.0	0.0	0.0	0.0	0.0	0.0	0.025	ZWS	1
chr19	15647308	G	T	CYP4F3	missense_variant	0.00393701	0.0	0.0	0.0	0.0	0.0	0.0	0.0	0.0	0.0	0.0	0.0	0.025	ZWS	1
chr19	15682572	G	A	CYP4F12	downstream_gene_variant	0.00393701	0.0	0.0454545	0.0	0.0	0.0	0.0	0.0	0.0	0.0	0.0	0.0	0.0	KNK	1
chr19	15683624	G	T	CYP4F12	missense_variant	0.00393701	0.0	0.0	0.0	0.0	0.0	0.0	0.0	0.0	0.05	0.0	0.0	0.0	TZB	1
chr19	17500365	C	T	SLC27A1	synonymous_variant	0.00393701	0.0	0.0	0.0	0.0	0.0	0.25	0.0	0.0	0.0	0.0	0.0	0.0	NGH	1
chr19	17500888	T	C	SLC27A1	splice_donor_variant&intron_variant	0.00393701	0.0	0.0	0.0	0.0	0.0	0.0	0.0	0.0	0.0	0.0	0.0238095	0.0	ZWD	1
chr19	33688067	G	A	CHST8	intron_variant	0.00393701	0.0	0.0454545	0.0	0.0	0.0	0.0	0.0	0.0	0.0	0.0	0.0	0.0	KNK	1
chr19	38404938	GCC	G	.	.	.	.	.	.	.	.	.	.	.	.	.	.	.	.	0
chr19	38464792	G	GAGGT	.	.	.	.	.	.	.	.	.	.	.	.	.	.	.	.	0
chr19	38512450	A	G	RYR1	missense_variant	0.00393701	0.0555556	0.0	0.0	0.0	0.0	0.0	0.0	0.0	0.0	0.0	0.0	0.0	KNL	1
chr19	38527843	G	A	RYR1	upstream_gene_variant	0.00393701	0.0	0.0	0.0	0.0	0.1	0.0	0.0	0.0	0.0	0.0	0.0	0.0	NGI	1
chr19	38596114	GGGCTA	G	.	.	.	.	.	.	.	.	.	.	.	.	.	.	.	.	0
chr19	38611311	A	G	MAP4K1	splice_region_variant&intron_variant	0.00396825	0.0	0.0	0.0	0.0	0.0	0.0	0.0	0.0	0.0	0.0	0.025	0.0	ZWD	1
chr19	40810413	T	A	EGLN2	downstream_gene_variant	0.00393701	0.0	0.0	0.0	0.0	0.0	0.0	0.0	0.0	0.0	0.0	0.0238095	0.0	ZWD	1
chr19	40880578	T	TGGCA	.	.	.	.	.	.	.	.	.	.	.	.	.	.	.	.	0
chr19	40882190	A	C	CYP2A7	synonymous_variant	0.00393701	0.0	0.0454545	0.0	0.0	0.0	0.0	0.0	0.0	0.0	0.0	0.0	0.0	KNK	1
chr19	40896431	G	A	CYP2G1P	intron_variant	0.00787402	0.0	0.0	0.0	0.0	0.0	0.0	0.0	0.0	0.0	0.0	0.047619	0.0	ZWD	1
chr19	40896685	C	T	CYP2G1P	intron_variant	0.00393701	0.0	0.0	0.0	0.0	0.0	0.0	0.0	0.0	0.0	0.0	0.0238095	0.0	ZWD	1
chr19	41004095	T	A	CYP2B6	missense_variant	0.00393701	0.0	0.0	0.0	0.0	0.0	0.0	0.0	0.0	0.0	0.0263158	0.0	0.0	SAV	1
chr19	41053364	G	A	CYP2G2P	intron_variant	0.00793651	0.0	0.0	0.0	0.0	0.0	0.0	0.0	0.0	0.0	0.0	0.05	0.0	ZWD	1
chr19	47836316	T	C	CRX	synonymous_variant	0.00393701	0.0	0.0	0.0	0.0	0.0	0.25	0.0	0.0	0.0	0.0	0.0	0.0	NGH	1
chr19	48560477	C	G	SULT2B1	intron_variant	0.00393701	0.0	0.0454545	0.0	0.0	0.0	0.0	0.0	0.0	0.0	0.0	0.0	0.0	KNK	1
chr19	48601236	TGGGCGGG	T	.	.	.	.	.	.	.	.	.	.	.	.	.	.	.	.	0
chr19	48601471	A	T	SULT2B1	downstream_gene_variant	0.004	0.0	0.0	0.0	0.0	0.0	0.0	0.0	0.0	0.0	0.0263158	0.0	0.0	SAV	1
chr19	48617391	G	A	RPL18	missense_variant	0.00393701	0.0	0.0	0.0	0.0	0.0	0.0	0.0	0.0	0.0	0.0263158	0.0	0.0	SAV	1
chr19	48861654	G	GA	.	.	.	.	.	.	.	.	.	.	.	.	.	.	.	.	0
chr1	109631365	C	T	AMPD2	3_prime_UTR_variant	0.00396825	0.0	0.0	0.0	0.0	0.0	0.0	0.0	0.0454545	0.0	0.0	0.0	0.0	TZA	1
chr1	109656966	T	C	GSTM4	sequence_feature	0.00393701	0.0	0.0	0.0	0.0	0.0	0.0	0.0	0.0454545	0.0	0.0	0.0	0.0	TZA	1
chr1	109660560	TG	T	.	.	.	.	.	.	.	.	.	.	.	.	.	.	.	.	0
chr1	109698491	C	T	AC000032.2	upstream_gene_variant	0.015748	0.0	0.0	0.0	0.0	0.0	0.0	0.0	0.0	0.0	0.0	0.0952381	0.0	ZWD	1
chr1	109716848	A	G	GSTM5	3_prime_UTR_variant	0.00393701	0.0	0.0	0.0	0.0	0.0	0.0	0.0	0.0	0.0	0.0263158	0.0	0.0	SAV	1
chr1	109716889	G	A	GSTM5	3_prime_UTR_variant	0.00393701	0.0	0.0	0.0	0.0	0.1	0.0	0.0	0.0	0.0	0.0	0.0	0.0	NGI	1
chr1	109717895	T	C	GSTM5	3_prime_UTR_variant	0.00393701	0.0	0.0454545	0.0	0.0	0.0	0.0	0.0	0.0	0.0	0.0	0.0	0.0	KNK	1
chr1	114677580	G	GGA	.	.	.	.	.	.	.	.	.	.	.	.	.	.	.	.	0
chr1	114684247	G	GC	.	.	.	.	.	.	.	.	.	.	.	.	.	.	.	.	0
chr1	114695758	C	G	AMPD1	upstream_gene_variant	0.00393701	0.0	0.0	0.0	0.0	0.0	0.0	0.0	0.0	0.05	0.0	0.0	0.0	TZB	1
chr1	114719791	C	G	NRAS	upstream_gene_variant	0.00393701	0.0	0.0	0.0	0.0	0.0	0.0	0.0	0.0	0.0	0.0263158	0.0	0.0	SAV	1
chr1	114725314	C	G	CSDE1	missense_variant	0.00393701	0.0	0.0	0.0	0.0	0.0	0.0	0.0	0.0	0.0	0.0	0.0238095	0.0	ZWD	1
chr1	115992506	T	C	SLC22A15	intron_variant	0.00393701	0.0	0.0	0.0	0.0	0.0	0.25	0.0	0.0	0.0	0.0	0.0	0.0	NGH	1
chr1	11761371	A	G	C1orf167	upstream_gene_variant	0.00787402	0.0	0.0	0.0	0.0	0.0	0.0	0.0	0.0	0.0	0.0	0.047619	0.0	ZWD	1
chr1	11766548	C	T	C1orf167	synonymous_variant	0.00393701	0.0	0.0	0.0	0.0	0.0	0.0	0.0	0.0	0.0	0.0	0.0238095	0.0	ZWD	1
chr1	11776429	G	C	C1orf167	upstream_gene_variant	0.00393701	0.0	0.0	0.0	0.0	0.0	0.0	0.0	0.0	0.0	0.0	0.0238095	0.0	ZWD	1
chr1	11788478	C	CA	.	.	.	.	.	.	.	.	.	.	.	.	.	.	.	.	0
chr1	147158918	CAA	C	.	.	.	.	.	.	.	.	.	.	.	.	.	.	.	.	0
chr1	147178155	G	A	RP11-337C18.8	downstream_gene_variant	0.00393701	0.0	0.0	0.0	0.0	0.0	0.0	0.0	0.0	0.0	0.0	0.0238095	0.0	ZWD	1
chr1	147178168	G	A	RP11-337C18.8	downstream_gene_variant	0.00393701	0.0	0.0	0.0	0.0	0.0	0.0	0.0	0.0	0.0	0.0	0.0238095	0.0	ZWD	1
chr1	147190162	G	C	FMO5	intron_variant	0.00393701	0.0555556	0.0	0.0	0.0	0.0	0.0	0.0	0.0	0.0	0.0	0.0	0.0	KNL	1
chr1	147216026	C	T	RP11-337C18.8	downstream_gene_variant	0.00393701	0.0	0.0	0.0	0.0	0.0	0.0	0.0	0.0	0.0	0.0	0.0	0.025	ZWS	1
chr1	147264176	CA	C	.	.	.	.	.	.	.	.	.	.	.	.	.	.	.	.	0
chr1	147272612	C	G	CHD1L	intron_variant	0.00396825	0.0555556	0.0	0.0	0.0	0.0	0.0	0.0	0.0	0.0	0.0	0.0	0.0	KNL	1
chr1	150816089	A	C	RNU6-1309P	upstream_gene_variant	0.00396825	0.0	0.0	0.0	0.0	0.0	0.0	0.0	0.0	0.0	0.0	0.0	0.025	ZWS	1
chr1	161209166	G	A	NDUFS2	upstream_gene_variant	0.00396825	0.0	0.0454545	0.0	0.0	0.0	0.0	0.0	0.0	0.0	0.0	0.0	0.0	KNK	1
chr1	165662889	A	C	ALDH9A1	3_prime_UTR_variant	0.00393701	0.0	0.0	0.0	0.125	0.0	0.0	0.0	0.0	0.0	0.0	0.0	0.0	KNP	1
chr1	169486419	T	C	SLC19A2	upstream_gene_variant	0.00393701	0.0	0.0	0.0	0.0	0.0	0.0	0.0	0.0	0.05	0.0	0.0	0.0	TZB	1
chr1	169603515	C	G	SELP	intron_variant	0.00787402	0.0	0.0909091	0.0	0.0	0.0	0.0	0.0	0.0	0.0	0.0	0.0	0.0	KNK	1
chr1	186672911	A	G	PTGS2	3_prime_UTR_variant	0.00393701	0.0	0.0	0.0	0.0	0.0	0.0	0.0	0.0	0.0	0.0263158	0.0	0.0	SAV	1
chr1	186674855	C	T	PTGS2	sequence_feature	0.00393701	0.0	0.0	0.0	0.0	0.0	0.0	0.0	0.0454545	0.0	0.0	0.0	0.0	TZA	1
chr1	186676177	A	G	PTGS2	synonymous_variant	0.00393701	0.0	0.0	0.0	0.0	0.0	0.0	0.0	0.0	0.0	0.0	0.0	0.025	ZWS	1
chr1	18871554	C	A	ALDH4A1	3_prime_UTR_variant	0.00393701	0.0	0.0	0.0	0.0	0.0	0.0	0.0	0.0	0.0	0.0	0.0238095	0.0	ZWD	1
chr1	18897058	A	G	MIR1290	downstream_gene_variant	0.004	0.0	0.0	0.0	0.0	0.0	0.0	0.0	0.0	0.0	0.0	0.0238095	0.0	ZWD	1
chr1	18905104	C	T	IFFO2	3_prime_UTR_variant	0.00393701	0.0	0.0	0.0	0.125	0.0	0.0	0.0	0.0	0.0	0.0	0.0	0.0	KNP	1
chr1	18906874	C	T	IFFO2	3_prime_UTR_variant	0.00393701	0.0	0.0	0.0	0.0	0.0	0.0	0.0416667	0.0	0.0	0.0	0.0	0.0	NGY	1
chr1	18907321	C	T	0.0	TF_binding_site_variant	0.00393701	0.0	0.0	0.0	0.0	0.0	0.0	0.0	0.0	0.0	0.0	0.0	0.025	ZWS	1
chr1	20589324	G	T	CDA	intron_variant	0.00787402	0.0	0.0	0.0	0.0	0.0	0.0	0.0	0.0	0.0	0.0	0.047619	0.0	ZWD	1
chr1	20650674	T	TG	.	.	.	.	.	.	.	.	.	.	.	.	.	.	.	.	0
chr1	225789537	G	A	SRP9	3_prime_UTR_variant	0.00393701	0.0	0.0	0.0	0.0	0.0	0.0	0.0	0.0454545	0.0	0.0	0.0	0.0	TZA	1
chr1	225790926	C	T	SRP9	downstream_gene_variant	0.00393701	0.0	0.0	0.0	0.0	0.0	0.0	0.0416667	0.0	0.0	0.0	0.0	0.0	NGY	1
chr1	225828886	G	A	EPHX1	missense_variant	0.00393701	0.0	0.0	0.0	0.0	0.0	0.0	0.0	0.0454545	0.0	0.0	0.0	0.0	TZA	1
chr1	225855949	C	A	TMEM63A	downstream_gene_variant	0.00393701	0.0	0.0	0.0	0.0	0.0	0.0	0.0	0.0	0.0	0.0	0.0	0.025	ZWS	1
chr1	225859219	T	A	TMEM63A	missense_variant	0.00393701	0.0	0.0	0.0	0.0	0.0	0.0	0.0	0.0454545	0.0	0.0	0.0	0.0	TZA	1
chr1	47048173	C	T	CYP4X1	intron_variant	0.00396825	0.0	0.0	0.0	0.0	0.0	0.0	0.0	0.0	0.0	0.0	0.0	0.025	ZWS	1
chr1	47048531	T	C	CYP4X1	intron_variant	0.00393701	0.0555556	0.0	0.0	0.0	0.0	0.0	0.0	0.0	0.0	0.0	0.0	0.0	KNL	1
chr1	94021231	G	A	ABCA4	intron_variant	0.00393701	0.0	0.0	0.0	0.0	0.0	0.0	0.0	0.0	0.0	0.0263158	0.0	0.0	SAV	1
chr1	94030779	A	G	ABCA4	intron_variant	0.0198413	0.0	0.0	0.0	0.0	0.0	0.0	0.0	0.0	0.0	0.0	0.119048	0.0	ZWD	1
chr1	97719877	TA	T	.	.	.	.	.	.	.	.	.	.	.	.	.	.	.	.	0
chr1	97720748	A	C	DPYD	3_prime_UTR_variant	0.00393701	0.0	0.0	0.0	0.0	0.0	0.0	0.0416667	0.0	0.0	0.0	0.0	0.0	NGY	1
chr20	34914022	G	T	ACSS2	downstream_gene_variant	0.00393701	0.0	0.0	0.0	0.0	0.0	0.0	0.0	0.0	0.0	0.0	0.0	0.025	ZWS	1
chr20	34914870	C	T	ACSS2	downstream_gene_variant	0.00396825	0.0	0.0454545	0.0	0.0	0.0	0.0	0.0	0.0	0.0	0.0	0.0	0.0	KNK	1
chr20	46559993	TCAGCCTCAAGGGAGTCCTC	T	.	.	.	.	.	.	.	.	.	.	.	.	.	.	.	.	0
chr20	46684124	G	T	RP1-101A2.1	upstream_gene_variant	0.00393701	0.0	0.0	0.0	0.0	0.0	0.0	0.0416667	0.0	0.0	0.0	0.0	0.0	NGY	1
chr20	49481842	C	G	KCNB1	downstream_gene_variant	0.00393701	0.0	0.0	0.0	0.0	0.0	0.0	0.0	0.0	0.0	0.0	0.0238095	0.0	ZWD	1
chr20	49508197	A	G	PTGIS	intron_variant	0.00787402	0.0	0.0	0.0	0.0	0.0	0.0	0.0	0.0	0.05	0.0	0.0	0.025	TZB;ZWS	2
chr20	54157097	A	C	CYP24A1	intron_variant	0.00393701	0.0	0.0	0.0	0.0	0.0	0.0	0.0	0.0	0.0	0.0	0.0	0.025	ZWS	1
chr20	54158595	G	C	CYP24A1	upstream_gene_variant	0.00787402	0.0	0.0	0.0	0.0	0.0	0.0	0.0	0.0	0.0	0.0	0.047619	0.0	ZWD	1
chr20	54165679	T	G	CYP24A1	upstream_gene_variant	0.00393701	0.0	0.0	0.0	0.0	0.0	0.0	0.0	0.0	0.05	0.0	0.0	0.0	TZB	1
chr21	14371197	C	G	HSPA13	3_prime_UTR_variant	0.00393701	0.0	0.0	0.0	0.0	0.0	0.0	0.0	0.0	0.05	0.0	0.0	0.0	TZB	1
chr21	31663909	G	T	AP000253.1	upstream_gene_variant	0.00393701	0.0	0.0	0.0	0.0	0.0	0.0	0.0	0.0	0.0	0.0263158	0.0	0.0	SAV	1
chr21	31692136	G	C	SCAF4	intron_variant	0.00396825	0.0	0.0	0.0	0.0	0.0	0.0	0.0416667	0.0	0.0	0.0	0.0	0.0	NGY	1
chr21	36059313	A	AG	.	.	.	.	.	.	.	.	.	.	.	.	.	.	.	.	0
chr21	36069955	A	AG	.	.	.	.	.	.	.	.	.	.	.	.	.	.	.	.	0
chr21	42219576	A	G	ABCG1	upstream_gene_variant	0.00393701	0.0	0.0	0.0	0.0	0.0	0.0	0.0	0.0	0.0	0.0	0.0	0.025	ZWS	1
chr21	45482543	C	G	MIR6815	downstream_gene_variant	0.00393701	0.0	0.0	0.0	0.0	0.0	0.0	0.0	0.0454545	0.0	0.0	0.0	0.0	TZA	1
chr21	45488344	C	G	COL18A1	upstream_gene_variant	0.00393701	0.0	0.0	0.0	0.0	0.0	0.0	0.0416667	0.0	0.0	0.0	0.0	0.0	NGY	1
chr21	45505488	AGCCCCT	A	.	.	.	.	.	.	.	.	.	.	.	.	.	.	.	.	0
chr22	19933246	G	T	TXNRD2	upstream_gene_variant	0.00793651	0.0	0.0	0.0	0.0	0.0	0.0	0.0	0.0	0.0	0.0	0.05	0.0	ZWD	1
chr22	19968708	A	G	COMT	structural_interaction_variant	0.00396825	0.0	0.0	0.0	0.0	0.0	0.0	0.0	0.0	0.0	0.0263158	0.0	0.0	SAV	1
chr22	19977043	GC	G	.	.	.	.	.	.	.	.	.	.	.	.	.	.	.	.	0
chr22	23150105	C	G	RAB36	missense_variant	0.00393701	0.0	0.0	0.0	0.0	0.0	0.0	0.0	0.0454545	0.0	0.0	0.0	0.0	TZA	1
chr22	23162014	G	C	RAB36	3_prime_UTR_variant	0.00393701	0.0	0.0	0.0	0.0	0.0	0.0	0.0	0.0	0.0	0.0263158	0.0	0.0	SAV	1
chr22	23162355	G	A	RAB36	3_prime_UTR_variant	0.00393701	0.0	0.0	0.0	0.0	0.0	0.0	0.0	0.0	0.0	0.0263158	0.0	0.0	SAV	1
chr22	23253551	AC	A	.	.	.	.	.	.	.	.	.	.	.	.	.	.	.	.	0
chr22	23273459	G	A	BCR	intron_variant	0.004	0.0	0.0	0.0	0.0	0.0	0.0	0.0	0.0	0.0	0.0	0.0	0.025	ZWS	1
chr22	42584611	C	A	POLDIP3	3_prime_UTR_variant	0.00393701	0.0	0.0	0.0	0.0	0.0	0.0	0.0	0.0	0.0	0.0	0.0	0.025	ZWS	1
chr22	42585230	G	T	POLDIP3	synonymous_variant	0.00393701	0.0	0.0454545	0.0	0.0	0.0	0.0	0.0	0.0	0.0	0.0	0.0	0.0	KNK	1
chr22	43840000	T	C	SULT4A1	structural_interaction_variant	0.00393701	0.0	0.0	0.0	0.0	0.0	0.0	0.0	0.0	0.0	0.0	0.0238095	0.0	ZWD	1
chr22	43879952	TCTCA	T	.	.	.	.	.	.	.	.	.	.	.	.	.	.	.	.	0
chr22	43884359	C	T	PNPLA5	intron_variant	0.011811	0.0	0.0	0.0	0.0	0.0	0.0	0.0	0.0	0.0	0.0	0.0714286	0.0	ZWD	1
chr22	43886388	C	T	PNPLA5	synonymous_variant	0.00393701	0.0	0.0	0.0	0.0	0.0	0.0	0.0	0.0	0.0	0.0	0.0238095	0.0	ZWD	1
chr22	43890048	T	A	PNPLA5	intron_variant	0.00393701	0.0	0.0454545	0.0	0.0	0.0	0.0	0.0	0.0	0.0	0.0	0.0	0.0	KNK	1
chr22	46240385	G	A	PPARA	3_prime_UTR_variant	0.00393701	0.0	0.0	0.0	0.0	0.0	0.0	0.0	0.0	0.05	0.0	0.0	0.0	TZB	1
chr22	46240810	T	C	PPARA	3_prime_UTR_variant	0.00393701	0.0	0.0	0.0	0.0	0.0	0.0	0.0416667	0.0	0.0	0.0	0.0	0.0	NGY	1
chr22	46262537	G	C	PKDREJ	missense_variant	0.00393701	0.0	0.0	0.0	0.0	0.0	0.0	0.0	0.0	0.0	0.0263158	0.0	0.0	SAV	1
chr2	100406894	G	A	CHST10	downstream_gene_variant	0.00393701	0.0555556	0.0	0.0	0.0	0.0	0.0	0.0	0.0	0.0	0.0	0.0	0.0	KNL	1
chr2	100427753	C	A	AC012493.1	downstream_gene_variant	0.00393701	0.0	0.0	0.166667	0.0	0.0	0.0	0.0	0.0	0.0	0.0	0.0	0.0	KNM	1
chr2	108293598	A	T	SULT1C2	upstream_gene_variant	0.00393701	0.0	0.0	0.0	0.0	0.0	0.0	0.0	0.0	0.0	0.0	0.0238095	0.0	ZWD	1
chr2	108309654	T	C	SULT1C2	3_prime_UTR_variant	0.00396825	0.0	0.0	0.0	0.0	0.0	0.0	0.0	0.0	0.0	0.0263158	0.0	0.0	SAV	1
chr2	138001232	C	A	HNMT	intron_variant	0.00813008	0.0	0.0	0.0	0.0	0.0	0.0	0.0	0.0	0.0	0.0	0.0526316	0.0	ZWD	1
chr2	138014268	T	C	HNMT	3_prime_UTR_variant	0.00393701	0.0	0.0	0.0	0.0	0.0	0.0	0.0	0.0	0.05	0.0	0.0	0.0	TZB	1
chr2	138014374	A	C	HNMT	3_prime_UTR_variant	0.00393701	0.0	0.0	0.0	0.0	0.0	0.0	0.0	0.0	0.0	0.0	0.0238095	0.0	ZWD	1
chr2	168990965	G	C	ABCB11	intron_variant	0.00393701	0.0	0.0454545	0.0	0.0	0.0	0.0	0.0	0.0	0.0	0.0	0.0	0.0	KNK	1
chr2	168993567	T	C	ABCB11	intron_variant	0.00396825	0.0	0.0	0.0	0.0	0.0	0.25	0.0	0.0	0.0	0.0	0.0	0.0	NGH	1
chr2	169081438	T	C	DHRS9	intron_variant	0.00393701	0.0	0.0	0.0	0.125	0.0	0.0	0.0	0.0	0.0	0.0	0.0	0.0	KNP	1
chr2	169081548	G	A	DHRS9	synonymous_variant	0.00393701	0.0	0.0	0.0	0.0	0.0	0.0	0.0	0.0	0.0	0.0	0.0	0.025	ZWS	1
chr2	169081697	C	A	DHRS9	stop_gained	0.00787402	0.0	0.0	0.0	0.0	0.0	0.0	0.0	0.0	0.0	0.0	0.047619	0.0	ZWD	1
chr2	200604214	A	T	AOX1	upstream_gene_variant	0.00393701	0.0	0.0	0.0	0.0	0.0	0.0	0.0	0.0	0.05	0.0	0.0	0.0	TZB	1
chr2	200612258	G	A	AOX1	intron_variant	0.00393701	0.0	0.0	0.0	0.0	0.0	0.0	0.0	0.0454545	0.0	0.0	0.0	0.0	TZA	1
chr2	203246784	G	A	CYP20A1	missense_variant	0.00393701	0.0	0.0454545	0.0	0.0	0.0	0.0	0.0	0.0	0.0	0.0	0.0	0.0	KNK	1
chr2	203297004	T	A	CYP20A1	3_prime_UTR_variant	0.00393701	0.0	0.0	0.0	0.0	0.0	0.0	0.0416667	0.0	0.0	0.0	0.0	0.0	NGY	1
chr2	218753070	T	G	TTLL4	upstream_gene_variant	0.00393701	0.0	0.0	0.0	0.0	0.0	0.25	0.0	0.0	0.0	0.0	0.0	0.0	NGH	1
chr2	219174846	A	AT	.	.	.	.	.	.	.	.	.	.	.	.	.	.	.	.	0
chr2	219182186	A	G	FAM134A	missense_variant	0.00393701	0.0	0.0	0.166667	0.0	0.0	0.0	0.0	0.0	0.0	0.0	0.0	0.0	KNM	1
chr2	219218689	C	G	ABCB6	5_prime_UTR_variant	0.00396825	0.0	0.0	0.166667	0.0	0.0	0.0	0.0	0.0	0.0	0.0	0.0	0.0	KNM	1
chr2	219219472	C	G	ATG9A	3_prime_UTR_variant	0.00393701	0.0	0.0	0.0	0.0	0.0	0.25	0.0	0.0	0.0	0.0	0.0	0.0	NGH	1
chr2	219225516	T	C	ATG9A	missense_variant	0.00393701	0.0	0.0	0.0	0.0	0.0	0.0	0.0	0.0454545	0.0	0.0	0.0	0.0	TZA	1
chr2	219235732	A	G	ANKZF1	missense_variant	0.00393701	0.0	0.0	0.0	0.0	0.0	0.0	0.0	0.0	0.0	0.0263158	0.0	0.0	SAV	1
chr2	219247959	A	G	GLB1L	upstream_gene_variant	0.00393701	0.0	0.0	0.0	0.0	0.0	0.0	0.0416667	0.0	0.0	0.0	0.0	0.0	NGY	1
chr2	219253017	C	CGGTG	.	.	.	.	.	.	.	.	.	.	.	.	.	.	.	.	0
chr2	233671915	C	A	UGT1A9	5_prime_UTR_variant	0.00393701	0.0	0.0	0.0	0.0	0.0	0.0	0.0	0.0	0.0	0.0	0.0238095	0.0	ZWD	1
chr2	233682592	T	G	UGT1A7	missense_variant	0.00393701	0.0	0.0	0.0	0.0	0.0	0.0	0.0	0.0454545	0.0	0.0	0.0	0.0	TZA	1
chr2	233713641	C	T	UGT1A5	missense_variant	0.00393701	0.0	0.0454545	0.0	0.0	0.0	0.0	0.0	0.0	0.0	0.0	0.0	0.0	KNK	1
chr2	233729391	T	A	UGT1A3	missense_variant	0.00393701	0.0	0.0454545	0.0	0.0	0.0	0.0	0.0	0.0	0.0	0.0	0.0	0.0	KNK	1
chr2	233768538	C	G	UGT1A6	downstream_gene_variant	0.00442478	0.0	0.05	0.0	0.0	0.0	0.0	0.0	0.0	0.0	0.0	0.0	0.0	KNK	1
chr2	233769581	A	G	UGT1A10	3_prime_UTR_variant	0.00393701	0.0	0.0	0.0	0.0	0.0	0.0	0.0	0.0	0.0	0.0	0.0	0.025	ZWS	1
chr2	27200835	T	G	SLC5A6	downstream_gene_variant	0.008	0.0	0.0	0.0	0.0	0.0	0.0	0.0	0.0	0.0	0.0	0.0526316	0.0	ZWD	1
chr2	29182905	A	G	CLIP4	3_prime_UTR_variant	0.011811	0.0	0.0	0.0	0.0	0.0	0.0	0.0	0.0	0.0	0.0	0.0714286	0.0	ZWD	1
chr2	29275038	C	T	ALK	intron_variant	0.00396825	0.0	0.0	0.0	0.0	0.0	0.0	0.0	0.0454545	0.0	0.0	0.0	0.0	TZA	1
chr2	31349655	G	GTCC	.	.	.	.	.	.	.	.	.	.	.	.	.	.	.	.	0
chr2	31349656	A	AGTT	.	.	.	.	.	.	.	.	.	.	.	.	.	.	.	.	0
chr3	119749157	T	C	MAATS1	upstream_gene_variant	0.00393701	0.0	0.0	0.0	0.0	0.0	0.0	0.0	0.0	0.0	0.0	0.0	0.025	ZWS	1
chr3	119824536	G	A	GSK3B	3_prime_UTR_variant	0.00396825	0.0	0.0	0.0	0.0	0.0	0.0	0.0	0.0454545	0.0	0.0	0.0	0.0	TZA	1
chr3	121912935	A	T	SLC15A2	upstream_gene_variant	0.00393701	0.0	0.0	0.0	0.0	0.0	0.0	0.0	0.0	0.0	0.0263158	0.0	0.0	SAV	1
chr3	121931130	G	A	SLC15A2	downstream_gene_variant	0.00793651	0.0	0.0	0.0	0.0	0.0	0.0	0.0	0.0	0.0	0.0	0.047619	0.0	ZWD	1
chr3	12329142	C	T	AC091492.2	downstream_gene_variant	0.0102041	0.0	0.0	0.0	0.0	0.0	0.0	0.0	0.0	0.0	0.0	0.0625	0.0	ZWD	1
chr3	12417107	A	G	PPARG	structural_interaction_variant	0.00393701	0.0	0.0	0.0	0.0	0.0	0.0	0.0	0.0	0.0	0.0263158	0.0	0.0	SAV	1
chr3	126489490	A	G	UROC1	intron_variant	0.00393701	0.0555556	0.0	0.0	0.0	0.0	0.0	0.0	0.0	0.0	0.0	0.0	0.0	KNL	1
chr3	126542818	C	T	CHST13	3_prime_UTR_variant	0.00393701	0.0	0.0	0.0	0.0	0.0	0.0	0.0	0.0	0.0	0.0	0.0238095	0.0	ZWD	1
chr3	133948582	C	T	SLCO2A1	synonymous_variant	0.00393701	0.0555556	0.0	0.0	0.0	0.0	0.0	0.0	0.0	0.0	0.0	0.0	0.0	KNL	1
chr3	14487998	G	C	SLC6A6	3_prime_UTR_variant	0.00393701	0.0	0.0	0.0	0.0	0.0	0.0	0.0	0.0	0.0	0.0263158	0.0	0.0	SAV	1
chr3	14495070	T	A	GRIP2	intron_variant	0.00396825	0.0	0.0	0.0	0.0	0.0	0.0	0.0	0.0	0.0	0.0	0.0238095	0.0	ZWD	1
chr3	151327415	T	G	P2RY13	3_prime_UTR_variant	0.015748	0.0	0.0	0.0	0.0	0.0	0.0	0.0	0.0	0.0	0.0	0.0952381	0.0	ZWD	1
chr3	151337746	T	C	P2RY12	3_prime_UTR_variant	0.011811	0.0	0.0	0.0	0.0	0.0	0.0	0.0	0.0	0.0	0.0	0.0714286	0.0	ZWD	1
chr3	151368025	T	C	MED12L	intron_variant	0.011811	0.0	0.0	0.0	0.0	0.0	0.0	0.0	0.0	0.0	0.0	0.0714286	0.0	ZWD	1
chr3	151378220	G	A	MED12L	intron_variant	0.00393701	0.0	0.0	0.0	0.0	0.0	0.0	0.0	0.0	0.0	0.0263158	0.0	0.0	SAV	1
chr3	152836469	C	T	P2RY1	synonymous_variant	0.00393701	0.0555556	0.0	0.0	0.0	0.0	0.0	0.0	0.0	0.0	0.0	0.0	0.0	KNL	1
chr3	183972412	AC	A	.	.	.	.	.	.	.	.	.	.	.	.	.	.	.	.	0
chr3	184000831	T	C	ABCC5	3_prime_UTR_variant	0.00393701	0.0	0.0	0.0	0.0	0.0	0.0	0.0416667	0.0	0.0	0.0	0.0	0.0	NGY	1
chr3	184009968	G	A	ABCC5	missense_variant	0.00396825	0.0	0.0	0.0	0.0	0.0	0.0	0.0	0.0	0.0	0.0	0.0238095	0.0	ZWD	1
chr3	38318449	C	T	SLC22A14	3_prime_UTR_variant	0.00393701	0.0	0.0	0.0	0.0	0.0	0.0	0.0	0.0	0.0	0.0	0.0238095	0.0	ZWD	1
chr3	38522884	TTA	T	.	.	.	.	.	.	.	.	.	.	.	.	.	.	.	.	0
chr3	42865530	C	T	ACKR2	missense_variant	0.00393701	0.0	0.0	0.0	0.0	0.0	0.0	0.0	0.0	0.05	0.0	0.0	0.0	TZB	1
chr3	42865947	C	A	ACKR2	3_prime_UTR_variant	0.00787402	0.0	0.0	0.0	0.0	0.0	0.0	0.0	0.0	0.0	0.0	0.047619	0.0	ZWD	1
chr3	42872192	T	TTAGAAA	.	.	.	.	.	.	.	.	.	.	.	.	.	.	.	.	0
chr3	42872995	T	G	CYP8B1	3_prime_UTR_variant	0.00393701	0.0	0.0	0.0	0.125	0.0	0.0	0.0	0.0	0.0	0.0	0.0	0.0	KNP	1
chr3	42873433	A	T	CYP8B1	3_prime_UTR_variant	0.00787402	0.0	0.0	0.0	0.0	0.0	0.0	0.0	0.0	0.0	0.0	0.047619	0.0	ZWD	1
chr3	42906076	G	C	ZNF662	5_prime_UTR_variant	0.00393701	0.0	0.0	0.0	0.0	0.0	0.0	0.0	0.0	0.0	0.0263158	0.0	0.0	SAV	1
chr3	42908968	T	A	RP11-141M3.6	downstream_gene_variant	0.00393701	0.0	0.0	0.0	0.0	0.0	0.0	0.0	0.0	0.0	0.0263158	0.0	0.0	SAV	1
chr3	49335534	T	C	USP4	missense_variant	0.00393701	0.0	0.0	0.0	0.0	0.0	0.0	0.0	0.0	0.05	0.0	0.0	0.0	TZB	1
chr3	49358577	A	T	GPX1	5_prime_UTR_variant	0.00393701	0.0	0.0	0.0	0.0	0.0	0.0	0.0416667	0.0	0.0	0.0	0.0	0.0	NGY	1
chr4	54709256	G	A	KIT	sequence_feature	0.00396825	0.0	0.0454545	0.0	0.0	0.0	0.0	0.0	0.0	0.0	0.0	0.0	0.0	KNK	1
chr4	54739600	T	TA	.	.	.	.	.	.	.	.	.	.	.	.	.	.	.	.	0
chr4	69857572	T	C	SULT1E1	structural_interaction_variant	0.00393701	0.0	0.0	0.0	0.0	0.0	0.0	0.0	0.0	0.05	0.0	0.0	0.0	TZB	1
chr4	87305537	C	T	MIR5705	upstream_gene_variant	0.004	0.0	0.0	0.166667	0.0	0.0	0.0	0.0	0.0	0.0	0.0	0.0	0.0	KNM	1
chr4	88076518	A	G	PKD2	3_prime_UTR_variant	0.00393701	0.0	0.0	0.0	0.0	0.0	0.0	0.0	0.0454545	0.0	0.0	0.0	0.0	TZA	1
chr4	88114576	G	T	ABCG2	intron_variant	0.00393701	0.0	0.0	0.0	0.0	0.0	0.0	0.0	0.0	0.0	0.0	0.0238095	0.0	ZWD	1
chr4	99062629	A	T	METAP1	3_prime_UTR_variant	0.00393701	0.0	0.0	0.0	0.0	0.0	0.0	0.0	0.0	0.05	0.0	0.0	0.0	TZB	1
chr4	99286997	T	G	RP11-696N14.1	upstream_gene_variant	0.00396825	0.0	0.0	0.0	0.0	0.0	0.0	0.0	0.0	0.0	0.0	0.0238095	0.0	ZWD	1
chr4	99305271	A	C	ADH1B	3_prime_UTR_variant	0.00393701	0.0	0.0	0.0	0.0	0.0	0.0	0.0	0.0	0.0	0.0	0.0238095	0.0	ZWD	1
chr4	99316046	T	C	ADH1B	missense_variant	0.00787402	0.0	0.0	0.0	0.0	0.0	0.0	0.0	0.0	0.0	0.0	0.047619	0.0	ZWD	1
chr5	102234712	G	T	SLCO4C1	3_prime_UTR_variant	0.00393701	0.0	0.0	0.0	0.0	0.0	0.0	0.0416667	0.0	0.0	0.0	0.0	0.0	NGY	1
chr5	102499093	A	AG	.	.	.	.	.	.	.	.	.	.	.	.	.	.	.	.	0
chr5	126624873	C	T	PHAX	3_prime_UTR_variant	0.011811	0.0	0.0	0.0	0.0	0.0	0.0	0.0	0.0	0.0	0.0	0.0714286	0.0	ZWD	1
chr5	132263052	C	T	PDLIM4	intron_variant	0.00393701	0.0	0.0	0.0	0.0	0.0	0.0	0.0	0.0	0.0	0.0	0.0238095	0.0	ZWD	1
chr5	132390832	C	A	SLC22A5	synonymous_variant	0.00393701	0.0	0.0	0.0	0.0	0.0	0.0	0.0	0.0	0.0	0.0	0.0	0.025	ZWS	1
chr5	132390960	C	T	SLC22A5	downstream_gene_variant	0.00393701	0.0	0.0	0.0	0.0	0.0	0.0	0.0	0.0	0.05	0.0	0.0	0.0	TZB	1
chr5	132392423	G	A	SLC22A5	downstream_gene_variant	0.00393701	0.0	0.0	0.0	0.0	0.1	0.0	0.0	0.0	0.0	0.0	0.0	0.0	NGI	1
chr5	132392425	T	C	SLC22A5	splice_region_variant&intron_variant	0.00393701	0.0	0.0	0.0	0.0	0.1	0.0	0.0	0.0	0.0	0.0	0.0	0.0	NGI	1
chr5	132419842	C	CCCCCACT	.	.	.	.	.	.	.	.	.	.	.	.	.	.	.	.	0
chr5	151020725	G	C	GPX3	missense_variant	0.00393701	0.0	0.0	0.0	0.0	0.0	0.0	0.0	0.0	0.0	0.0	0.0238095	0.0	ZWD	1
chr5	151027390	T	G	TNIP1	downstream_gene_variant	0.00393701	0.0	0.0	0.0	0.0	0.0	0.0	0.0	0.0454545	0.0	0.0	0.0	0.0	TZA	1
chr5	151035401	T	G	TNIP1	intron_variant	0.00396825	0.0	0.0	0.0	0.0	0.0	0.0	0.0	0.0	0.0	0.0	0.0238095	0.0	ZWD	1
chr5	151049168	G	A	TNIP1	upstream_gene_variant	0.00393701	0.0	0.0	0.0	0.0	0.0	0.0	0.0	0.0	0.0	0.0	0.0238095	0.0	ZWD	1
chr5	75354266	T	C	HMGCR	upstream_gene_variant	0.00393701	0.0	0.0	0.0	0.0	0.0	0.0	0.0	0.0454545	0.0	0.0	0.0	0.0	TZA	1
chr5	75356560	T	G	HMGCR	upstream_gene_variant	0.00393701	0.0	0.0	0.0	0.0	0.0	0.0	0.0416667	0.0	0.0	0.0	0.0	0.0	NGY	1
chr5	75379567	T	TCA	.	.	.	.	.	.	.	.	.	.	.	.	.	.	.	.	0
chr6	110391751	A	C	DDO	downstream_gene_variant	0.00393701	0.0	0.0	0.0	0.0	0.0	0.0	0.0	0.0454545	0.0	0.0	0.0	0.0	TZA	1
chr6	134918770	C	T	ALDH8A1	missense_variant	0.00393701	0.0555556	0.0	0.0	0.0	0.0	0.0	0.0	0.0	0.0	0.0	0.0	0.0	KNL	1
chr6	134939113	A	G	RP11-349J5.2	upstream_gene_variant	0.00393701	0.0	0.0454545	0.0	0.0	0.0	0.0	0.0	0.0	0.0	0.0	0.0	0.0	KNK	1
chr6	134950099	G	T	ALDH8A1	5_prime_UTR_variant	0.00393701	0.0	0.0	0.0	0.0	0.0	0.0	0.0	0.0	0.0	0.0263158	0.0	0.0	SAV	1
chr6	134962612	GTTCTGTAATGTGTTCAAGCC	G	.	.	.	.	.	.	.	.	.	.	.	.	.	.	.	.	0
chr6	159679041	A	G	SOD2	3_prime_UTR_variant	0.00806452	0.0	0.0	0.0	0.0	0.0	0.0	0.0	0.0	0.0	0.0	0.0526316	0.0	ZWD	1
chr6	159681411	A	G	SOD2	3_prime_UTR_variant	0.00393701	0.0	0.0	0.0	0.0	0.0	0.0	0.0	0.0	0.0	0.0	0.0238095	0.0	ZWD	1
chr6	159692322	A	C	SOD2	3_prime_UTR_variant	0.00393701	0.0	0.0	0.166667	0.0	0.0	0.0	0.0	0.0	0.0	0.0	0.0	0.0	KNM	1
chr6	159726850	A	C	SOD2	splice_donor_variant&intron_variant	0.00393701	0.0	0.0	0.0	0.0	0.0	0.0	0.0	0.0	0.05	0.0	0.0	0.0	TZB	1
chr6	159755676	A	C	WTAP	3_prime_UTR_variant	0.00393701	0.0	0.0	0.0	0.0	0.0	0.0	0.0	0.0	0.0	0.0263158	0.0	0.0	SAV	1
chr6	160398203	A	G	SLC22A3	intron_variant	0.00396825	0.0	0.0	0.0	0.0	0.0	0.0	0.0416667	0.0	0.0	0.0	0.0	0.0	NGY	1
chr6	160453006	C	T	SLC22A3	downstream_gene_variant	0.00393701	0.0555556	0.0	0.0	0.0	0.0	0.0	0.0	0.0	0.0	0.0	0.0	0.0	KNL	1
chr6	160453025	G	GAC	.	.	.	.	.	.	.	.	.	.	.	.	.	.	.	.	0
chr6	18121615	C	T	NHLRC1	missense_variant	0.00393701	0.0	0.0454545	0.0	0.0	0.0	0.0	0.0	0.0	0.0	0.0	0.0	0.0	KNK	1
chr6	24473233	A	G	GPLD1	downstream_gene_variant	0.00396825	0.0	0.0	0.0	0.0	0.0	0.0	0.0416667	0.0	0.0	0.0	0.0	0.0	NGY	1
chr6	24475199	TC	T	.	.	.	.	.	.	.	.	.	.	.	.	.	.	.	.	0
chr6	24535251	T	C	ALDH5A1	3_prime_UTR_variant	0.00393701	0.0	0.0454545	0.0	0.0	0.0	0.0	0.0	0.0	0.0	0.0	0.0	0.0	KNK	1
chr6	24563413	T	C	KIAA0319	missense_variant	0.00393701	0.0	0.0	0.0	0.0	0.0	0.25	0.0	0.0	0.0	0.0	0.0	0.0	NGH	1
chr6	35456991	C	T	FANCE	intron_variant	0.00396825	0.0	0.0	0.0	0.0	0.0	0.0	0.0416667	0.0	0.0	0.0	0.0	0.0	NGY	1
chr6	35457804	C	T	FANCE	intron_variant	0.00787402	0.0	0.0	0.0	0.0	0.0	0.0	0.0	0.0	0.0	0.0526316	0.0	0.0	SAV	1
chr6	43287083	T	C	TTBK1	3_prime_UTR_variant	0.00393701	0.0	0.0	0.0	0.0	0.0	0.0	0.0	0.0	0.0	0.0263158	0.0	0.0	SAV	1
chr6	43287378	C	A	TTBK1	3_prime_UTR_variant	0.011811	0.0	0.0	0.0	0.0	0.0	0.0	0.0	0.0	0.0	0.0	0.0714286	0.0	ZWD	1
chr6	43299416	T	A	SLC22A7	synonymous_variant	0.00393701	0.0	0.0	0.0	0.0	0.0	0.0	0.0	0.0	0.0	0.0	0.0	0.025	ZWS	1
chr6	43301216	G	T	SLC22A7	missense_variant	0.011811	0.0	0.0	0.0	0.0	0.0	0.0	0.0	0.0	0.0	0.0	0.0714286	0.0	ZWD	1
chr6	43306075	C	T	CRIP3	missense_variant	0.011811	0.0	0.0	0.0	0.0	0.0	0.0	0.0	0.0	0.0	0.0	0.0714286	0.0	ZWD	1
chr6	43336635	G	A	ZNF318	3_prime_UTR_variant	0.00393701	0.0555556	0.0	0.0	0.0	0.0	0.0	0.0	0.0	0.0	0.0	0.0	0.0	KNL	1
chr6	43432052	C	T	ABCC10	5_prime_UTR_variant	0.00393701	0.0555556	0.0	0.0	0.0	0.0	0.0	0.0	0.0	0.0	0.0	0.0	0.0	KNL	1
chr6	43433267	G	T	ABCC10	missense_variant	0.00393701	0.0	0.0	0.0	0.0	0.0	0.0	0.0	0.0454545	0.0	0.0	0.0	0.0	TZA	1
chr6	43442199	C	T	ABCC10	upstream_gene_variant	0.00787402	0.0	0.0	0.0	0.0	0.0	0.0	0.0	0.0	0.0	0.0	0.047619	0.0	ZWD	1
chr6	43447372	T	A	ABCC10	stop_gained	0.00393701	0.0	0.0	0.0	0.0	0.0	0.0	0.0	0.0	0.0	0.0	0.0	0.025	ZWS	1
chr6	43449751	C	T	DLK2	downstream_gene_variant	0.00396825	0.0	0.0	0.0	0.0	0.0	0.0	0.0	0.0	0.0	0.0	0.025	0.0	ZWD	1
chr6	43450671	T	G	DLK2	synonymous_variant	0.00393701	0.0	0.0	0.0	0.0	0.0	0.0	0.0	0.0	0.0	0.0	0.0	0.025	ZWS	1
chr6	43450792	G	T	DLK2	missense_variant	0.00393701	0.0	0.0	0.0	0.0	0.0	0.0	0.0416667	0.0	0.0	0.0	0.0	0.0	NGY	1
chr6	44250627	A	T	SLC35B2	downstream_gene_variant	0.00787402	0.0	0.0	0.0	0.0	0.0	0.0	0.0	0.0	0.0	0.0	0.047619	0.0	ZWD	1
chr6	46639828	T	C	CYP39A1	upstream_gene_variant	0.00393701	0.0	0.0	0.0	0.0	0.0	0.0	0.0	0.0	0.0	0.0	0.0238095	0.0	ZWD	1
chr6	52752856	T	C	GSTA2	missense_variant&splice_region_variant	0.011811	0.0	0.0	0.0	0.0	0.0	0.0	0.0	0.0	0.0	0.0	0.0714286	0.0	ZWD	1
chr6	52758116	G	C	GSTA2	intron_variant	0.023622	0.0	0.0	0.0	0.0	0.0	0.0	0.0	0.0	0.0	0.0	0.142857	0.0	ZWD	1
chr6	52836672	CA	C	.	.	.	.	.	.	.	.	.	.	.	.	.	.	.	.	0
chr6	52837593	A	T	GSTA5	missense_variant	0.00393701	0.0	0.0	0.0	0.0	0.0	0.0	0.0	0.0	0.0	0.0	0.0	0.025	ZWS	1
chr7	117297384	T	G	AC002465.2	upstream_gene_variant	0.004	0.0	0.0454545	0.0	0.0	0.0	0.0	0.0	0.0	0.0	0.0	0.0	0.0	KNK	1
chr7	117315215	G	A	WNT2	synonymous_variant	0.00393701	0.0	0.0	0.0	0.0	0.0	0.25	0.0	0.0	0.0	0.0	0.0	0.0	NGH	1
chr7	117606210	G	C	CFTR	intron_variant	0.00396825	0.0	0.0	0.0	0.0	0.0	0.0	0.0	0.0	0.0	0.0	0.025	0.0	ZWD	1
chr7	123181074	C	T	SLC13A1	missense_variant	0.00393701	0.0	0.0	0.0	0.0	0.0	0.0	0.0	0.0	0.0	0.0263158	0.0	0.0	SAV	1
chr7	143223282	C	T	RP11-556I13.2	upstream_gene_variant	0.00393701	0.0	0.0454545	0.0	0.0	0.0	0.0	0.0	0.0	0.0	0.0	0.0	0.0	KNK	1
chr7	143263331	G	T	GSTK1	upstream_gene_variant	0.00393701	0.0	0.0	0.0	0.0	0.0	0.0	0.0	0.0	0.0	0.0	0.0	0.025	ZWS	1
chr7	150959385	C	T	KCNH2	upstream_gene_variant	0.004	0.0	0.0	0.0	0.0	0.0	0.0	0.0	0.0	0.0	0.0	0.025	0.0	ZWD	1
chr7	150993710	C	T	NOS3	upstream_gene_variant	0.00396825	0.0	0.0	0.0	0.0	0.0	0.0	0.0	0.0	0.0	0.0	0.0	0.025	ZWS	1
chr7	150996568	A	G	NOS3	intron_variant	0.00393701	0.0	0.0	0.0	0.0	0.0	0.0	0.0	0.0454545	0.0	0.0	0.0	0.0	TZA	1
chr7	151021759	C	T	ATG9B	upstream_gene_variant	0.00393701	0.0	0.0	0.0	0.0	0.0	0.0	0.0	0.0	0.0	0.0263158	0.0	0.0	SAV	1
chr7	151070599	G	T	SLC4A2	upstream_gene_variant	0.00393701	0.0	0.0	0.0	0.0	0.0	0.0	0.0	0.0	0.0	0.0263158	0.0	0.0	SAV	1
chr7	17343014	C	T	AHR	missense_variant	0.00393701	0.0	0.0	0.0	0.0	0.0	0.25	0.0	0.0	0.0	0.0	0.0	0.0	NGH	1
chr7	20651169	T	A	ABCB5	intron_variant	0.004	0.0	0.0	0.0	0.0	0.0	0.0	0.0	0.0	0.0	0.0	0.0238095	0.0	ZWD	1
chr7	20659022	A	T	ABCB5	intron_variant	0.00393701	0.0	0.0	0.0	0.0	0.0	0.0	0.0	0.0454545	0.0	0.0	0.0	0.0	TZA	1
chr7	20659239	A	T	ABCB5	3_prime_UTR_variant	0.00393701	0.0	0.0	0.0	0.0	0.0	0.0	0.0	0.0	0.0	0.0263158	0.0	0.0	SAV	1
chr7	20681458	T	C	ABCB5	intron_variant	0.00393701	0.0	0.0	0.0	0.0	0.0	0.0	0.0	0.0	0.0	0.0263158	0.0	0.0	SAV	1
chr7	20699587	G	A	ABCB5	intron_variant	0.00393701	0.0	0.0	0.0	0.0	0.0	0.0	0.0	0.0454545	0.0	0.0	0.0	0.0	TZA	1
chr7	20704586	A	G	ABCB5	intron_variant	0.00393701	0.0555556	0.0	0.0	0.0	0.0	0.0	0.0	0.0	0.0	0.0	0.0	0.0	KNL	1
chr7	20756031	G	C	ABCB5	3_prime_UTR_variant	0.00393701	0.0555556	0.0	0.0	0.0	0.0	0.0	0.0	0.0	0.0	0.0	0.0	0.0	KNL	1
chr7	2372949	A	T	EIF3B	sequence_feature	0.004	0.0	0.0	0.0	0.0	0.0	0.0	0.0	0.0	0.0	0.0	0.0238095	0.0	ZWD	1
chr7	2393233	G	C	AC004840.8	downstream_gene_variant	0.00787402	0.0	0.0	0.0	0.0	0.0	0.0	0.0	0.0	0.0	0.0	0.047619	0.0	ZWD	1
chr7	2393648	A	G	RP4-607J2.1	downstream_gene_variant	0.00396825	0.0	0.0	0.0	0.0	0.0	0.0	0.0	0.0	0.0	0.0	0.025	0.0	ZWD	1
chr7	2406100	T	A	CHST12	intron_variant	0.00393701	0.0	0.0454545	0.0	0.0	0.0	0.0	0.0	0.0	0.0	0.0	0.0	0.0	KNK	1
chr7	75979813	T	TC	.	.	.	.	.	.	.	.	.	.	.	.	.	.	.	.	0
chr7	87398653	C	CATCT	.	.	.	.	.	.	.	.	.	.	.	.	.	.	.	.	0
chr7	87421899	G	T	ABCB4	downstream_gene_variant	0.00403226	0.0	0.0	0.0	0.0	0.0	0.0	0.0	0.0	0.0	0.0	0.0263158	0.0	ZWD	1
chr7	87447136	C	G	ABCB4	missense_variant	0.00393701	0.0	0.0	0.0	0.0	0.0	0.0	0.0	0.0	0.05	0.0	0.0	0.0	TZB	1
chr7	87447210	C	T	ABCB4	splice_region_variant&intron_variant	0.00396825	0.0	0.0	0.0	0.0	0.0	0.0	0.0	0.0	0.0	0.0277778	0.0	0.0	SAV	1
chr7	92142455	T	C	CYP51A1	splice_region_variant&intron_variant	0.00393701	0.0	0.0	0.0	0.0	0.0	0.0	0.0	0.0	0.0	0.0	0.0238095	0.0	ZWD	1
chr7	92163505	A	C	LRRD1	missense_variant	0.00393701	0.0	0.0	0.0	0.0	0.0	0.0	0.0416667	0.0	0.0	0.0	0.0	0.0	NGY	1
chr7	95291855	G	A	PPP1R9A	3_prime_UTR_variant	0.00393701	0.0	0.0	0.0	0.0	0.0	0.0	0.0	0.0	0.0	0.0	0.0238095	0.0	ZWD	1
chr7	95359832	C	T	PON3	downstream_gene_variant	0.00393701	0.0	0.0	0.0	0.0	0.0	0.0	0.0416667	0.0	0.0	0.0	0.0	0.0	NGY	1
chr7	99631574	G	A	ZSCAN25	3_prime_UTR_variant	0.00393701	0.0	0.0	0.0	0.0	0.0	0.0	0.0416667	0.0	0.0	0.0	0.0	0.0	NGY	1
chr7	99631799	A	C	ZSCAN25	3_prime_UTR_variant	0.00393701	0.0	0.0	0.0	0.0	0.0	0.0	0.0	0.0	0.0	0.0	0.0	0.025	ZWS	1
chr7	99671932	C	T	CYP3A5	downstream_gene_variant	0.00393701	0.0	0.0	0.0	0.0	0.0	0.0	0.0	0.0454545	0.0	0.0	0.0	0.0	TZA	1
chr7	99836139	G	A	CYP3A43	intron_variant	0.00396825	0.0	0.0	0.0	0.125	0.0	0.0	0.0	0.0	0.0	0.0	0.0	0.0	KNP	1
chr7	99861605	C	A	CYP3A43	splice_region_variant&intron_variant	0.00393701	0.0	0.0454545	0.0	0.0	0.0	0.0	0.0	0.0	0.0	0.0	0.0	0.0	KNK	1
chr7	99865870	T	A	CTD-3244O18.5	upstream_gene_variant	0.00787402	0.0	0.0	0.0	0.0	0.0	0.0	0.0	0.0	0.0	0.0	0.047619	0.0	ZWD	1
chr8	142873126	G	A	CYP11B1	3_prime_UTR_variant	0.00393701	0.0555556	0.0	0.0	0.0	0.0	0.0	0.0	0.0	0.0	0.0	0.0	0.0	KNL	1
chr8	142873841	G	A	CYP11B1	3_prime_UTR_variant	0.00393701	0.0555556	0.0	0.0	0.0	0.0	0.0	0.0	0.0	0.0	0.0	0.0	0.0	KNL	1
chr8	18222197	AG	A	.	.	.	.	.	.	.	.	.	.	.	.	.	.	.	.	0
chr8	27459069	G	A	PTK2B	3_prime_UTR_variant	0.00393701	0.0	0.0	0.0	0.0	0.0	0.0	0.0	0.0	0.0	0.0	0.0238095	0.0	ZWD	1
chr8	27544099	A	C	EPHX2	downstream_gene_variant	0.00787402	0.0	0.0	0.0	0.0	0.0	0.0	0.0	0.0	0.0	0.0	0.047619	0.0	ZWD	1
chr8	27545620	C	T	EPHX2	downstream_gene_variant	0.00396825	0.0	0.0	0.0	0.0	0.0	0.0	0.0	0.0	0.0	0.0	0.0238095	0.0	ZWD	1
chr8	30756658	T	A	RP11-465K4.4	upstream_gene_variant	0.00396825	0.0	0.0	0.0	0.0	0.0	0.0	0.0	0.0	0.0	0.0	0.0	0.025	ZWS	1
chr8	66493742	T	C	C8orf46	upstream_gene_variant	0.00393701	0.0	0.0	0.0	0.0	0.0	0.0	0.0416667	0.0	0.0	0.0	0.0	0.0	NGY	1
chr8	69601492	C	T	SULF1	downstream_gene_variant	0.00393701	0.0	0.0	0.0	0.0	0.0	0.0	0.0	0.0	0.0	0.0	0.0238095	0.0	ZWD	1
chr8	69603205	G	T	SULF1	missense_variant	0.00393701	0.0	0.0	0.0	0.0	0.0	0.0	0.0	0.0	0.0	0.0263158	0.0	0.0	SAV	1
chr8	69682365	T	C	SLCO5A1	intron_variant	0.00393701	0.0	0.0454545	0.0	0.0	0.0	0.0	0.0	0.0	0.0	0.0	0.0	0.0	KNK	1
chr8	69762013	T	A	SLCO5A1	intron_variant	0.00393701	0.0	0.0	0.0	0.0	0.0	0.0	0.0	0.0454545	0.0	0.0	0.0	0.0	TZA	1
chr8	69831611	G	T	RP11-159H10.3	upstream_gene_variant	0.00393701	0.0555556	0.0	0.0	0.0	0.0	0.0	0.0	0.0	0.0	0.0	0.0	0.0	KNL	1
chr8	69857797	G	A	RP11-159H10.3	downstream_gene_variant	0.019685	0.0	0.0	0.0	0.0	0.0	0.0	0.0	0.0	0.0	0.0	0.119048	0.0	ZWD	1
chr9	104845429	T	C	ABCA1	intron_variant	0.00787402	0.0	0.0	0.0	0.0	0.0	0.0	0.0	0.0	0.0	0.0	0.047619	0.0	ZWD	1
chr9	130682973	T	C	PRDM12	3_prime_UTR_variant	0.00787402	0.0	0.0	0.0	0.0	0.0	0.0	0.0	0.0	0.0	0.0	0.047619	0.0	ZWD	1
chr9	130683024	A	G	PRDM12	downstream_gene_variant	0.00393701	0.0	0.0	0.0	0.0	0.0	0.0	0.0	0.0	0.0	0.0	0.0238095	0.0	ZWD	1
chr9	130697487	G	C	EXOSC2	upstream_gene_variant	0.00393701	0.0	0.0	0.0	0.0	0.0	0.0	0.0416667	0.0	0.0	0.0	0.0	0.0	NGY	1
chr9	130834296	A	G	ABL1	upstream_gene_variant	0.00396825	0.0	0.0	0.0	0.0	0.0	0.0	0.0	0.0	0.0	0.0	0.025	0.0	ZWD	1
chr9	72925756	C	T	ALDH1A1	downstream_gene_variant	0.00393701	0.0	0.0	0.0	0.0	0.0	0.0	0.0416667	0.0	0.0	0.0	0.0	0.0	NGY	1
chr9	84275970	A	G	SLC28A3	3_prime_UTR_variant	0.00393701	0.0	0.0	0.0	0.0	0.0	0.0	0.0416667	0.0	0.0	0.0	0.0	0.0	NGY	1
chr9	84276756	A	C	SLC28A3	3_prime_UTR_variant	0.00393701	0.0	0.0454545	0.0	0.0	0.0	0.0	0.0	0.0	0.0	0.0	0.0	0.0	KNK	1
chr9	84278285	A	G	SLC28A3	missense_variant	0.00393701	0.0	0.0	0.0	0.0	0.0	0.0	0.0416667	0.0	0.0	0.0	0.0	0.0	NGY	1
chr9	84297929	CA	C	.	.	.	.	.	.	.	.	.	.	.	.	.	.	.	.	0
chr9	84299828	T	A	SLC28A3	intron_variant	0.00393701	0.0	0.0	0.0	0.0	0.0	0.0	0.0	0.0	0.0	0.0263158	0.0	0.0	SAV	1
